step,file,category,change,why_it_was_changed
1,backend/bootstrap/observability.js,Bootstrap / module boundary,Load legacy CommonJS canonical observability through createRequire while keeping this adapter ESM. Also bridge legacy startupErrors without changing lifecycle ownership.,Verified parser/runtime module-boundary defect or duplicate declaration; no unrelated architectural rewrite.
2,backend/bootstrap/resilience.js,Bootstrap / module boundary,Keep the existing resilience resolver and createRequire fallback; recognize Node ESM-scope ReferenceErrors that identify legacy CommonJS implementations.,Verified parser/runtime module-boundary defect or duplicate declaration; no unrelated architectural rewrite.
3,backend/services/financial/financialRepositoryRegistry.js,Financial repository boundary,Bridge the existing CommonJS transaction outbox repository with createRequire; preserve registry shape.,Verified parser/runtime module-boundary defect or duplicate declaration; no unrelated architectural rewrite.
4,backend/repositories/financial/balance.repository.js,Financial repository boundary,Bridge legacy CommonJS tenant constants; preserve atomic balance and session/transaction invariants.,Verified parser/runtime module-boundary defect or duplicate declaration; no unrelated architectural rewrite.
5,backend/repositories/financial/financialTransaction.repository.js,Financial repository boundary,Bridge legacy CommonJS tenant constants; preserve append-only financial transaction repository contract.,Verified parser/runtime module-boundary defect or duplicate declaration; no unrelated architectural rewrite.
6,backend/repositories/financial/ledger.repository.js,Financial repository boundary,Bridge legacy CommonJS tenant constants; preserve ledger persistence behavior.,Verified parser/runtime module-boundary defect or duplicate declaration; no unrelated architectural rewrite.
7,backend/repositories/financial/loan.repository.js,Financial repository boundary,Bridge legacy CommonJS tenant constants; preserve loan repository behavior.,Verified parser/runtime module-boundary defect or duplicate declaration; no unrelated architectural rewrite.
8,backend/repositories/analytics/analytics.repository.js,Duplicate declaration cleanup,Remove only the duplicated final factory/exports tail and preserve the earlier canonical factory/public API.,Verified parser/runtime module-boundary defect or duplicate declaration; no unrelated architectural rewrite.
9,backend/modules/transactions/orchestration/SagaStep.js,Layer composition / duplicate cleanup,"Compose seven appended SagaStep layers into an inheritance chain, preserve caller configuration through super(), share one crypto/EventEmitter import, and rename only the duplicate intermediate timeout error.",Verified parser/runtime module-boundary defect or duplicate declaration; no unrelated architectural rewrite.
10,backend/modules/finance/statements/StatementRepairService.js,Structural cleanup,"Remove detached forecast code, move ledger/journal constants to module scope, and remove the premature class close so repair-plan methods remain class methods.",Verified parser/runtime module-boundary defect or duplicate declaration; no unrelated architectural rewrite.
11,backend/modules/payment/airtel/settlement/settlementService.js,Layer composition / duplicate cleanup,Preserve original settlement engine as SettlementServiceCore and attach the later security layer as the exported SettlementService subclass.,Verified parser/runtime module-boundary defect or duplicate declaration; no unrelated architectural rewrite.
12,backend/middleware/tenancy/tenantRepository.js,Duplicate class cleanup,Remove the obsolete first contract-only TenantRepository class and retain the later concrete-repository contract used by implementers.,Verified parser/runtime module-boundary defect or duplicate declaration; no unrelated architectural rewrite.
13,backend/middleware/tenancy/tenantResolver.js,Duplicate configuration/class cleanup,Remove the earlier unused configuration block and rename the later duplicate HeaderTenantResolver to EnterpriseHeaderTenantResolver while retaining the existing pipeline-bound resolver.,Verified parser/runtime module-boundary defect or duplicate declaration; no unrelated architectural rewrite.
14,backend/middleware/resilience/gracefulDegradation.js,Duplicate preliminaries cleanup,Remove unreferenced preliminary symbols/helpers and duplicate health status while retaining the later canonical namespaced runtime infrastructure.,Verified parser/runtime module-boundary defect or duplicate declaration; no unrelated architectural rewrite.
15,backend/middleware/Performance/compression.js,Duplicate preliminaries cleanup,Remove redundant preliminary component metadata/compression constants/defaults/diagnostics and retain the later canonical middleware implementation.,Verified parser/runtime module-boundary defect or duplicate declaration; no unrelated architectural rewrite.
16,backend/controllers/complianceController.js,Runtime/test boundary cleanup,Remove embedded Jest mocks/self-require; make runtime module ESM and bridge legacy compliance/audit/metrics services through createRequire.,Verified parser/runtime module-boundary defect or duplicate declaration; no unrelated architectural rewrite.
17,backend/scripts/listIndexes.js,Script cleanup,Remove duplicated second script copy and make the standalone script ESM-safe with createRequire for mongoose.,Verified parser/runtime module-boundary defect or duplicate declaration; no unrelated architectural rewrite.
18,backend/config/mail.js,Syntax/precedence fix,Parenthesize ?? and || in SMTP password resolution.,Verified parser/runtime module-boundary defect or duplicate declaration; no unrelated architectural rewrite.
19,backend/config/storage.js,Duplicate declaration cleanup,Remove only the later duplicate defaultConfig singleton.,Verified parser/runtime module-boundary defect or duplicate declaration; no unrelated architectural rewrite.
20,backend/modules/transactions/repositories/DistributedTransactionRepository.js,Duplicate local cleanup,Use normalizedHistory for the second snapshot-history calculation instead of redeclaring history.,Verified parser/runtime module-boundary defect or duplicate declaration; no unrelated architectural rewrite.
21,backend/controllers/TransactionController.js,Runtime module boundary,Bridge the legacy CommonJS ledger service through createRequire without changing controller API functions.,Verified parser/runtime module-boundary defect or duplicate declaration; no unrelated architectural rewrite.
22,backend/controllers/dashboardController.js,Runtime module boundary,Bridge legacy CommonJS asyncHandler through createRequire; retain DashboardService and logger imports.,Verified parser/runtime module-boundary defect or duplicate declaration; no unrelated architectural rewrite.
23,backend/controllers/emailController.js,Runtime module boundary,"Bridge legacy CommonJS asyncHandler, RefreshToken, password-reset service, email service, and rate limiters while keeping ESM services/models unchanged.",Verified parser/runtime module-boundary defect or duplicate declaration; no unrelated architectural rewrite.
24,backend/models/account.model.js,Runtime module boundary,Bridge legacy CommonJS tenant constants with createRequire; preserve existing tenantConstantsModule handling.,Verified parser/runtime module-boundary defect or duplicate declaration; no unrelated architectural rewrite.
25,backend/utils/response.js,Runtime module boundary,Bridge legacy CommonJS errorCodes with createRequire while retaining ESM response exports.,Verified parser/runtime module-boundary defect or duplicate declaration; no unrelated architectural rewrite.
26,backend/workers/fraudWorker.js,Runtime module boundary,Bridge legacy CommonJS fraudEngine into the ESM BullMQ worker.,Verified parser/runtime module-boundary defect or duplicate declaration; no unrelated architectural rewrite.
27,backend/workers/transactionWorker.js,Runtime module boundary,Bridge legacy CommonJS ledgerService into the ESM BullMQ worker.,Verified parser/runtime module-boundary defect or duplicate declaration; no unrelated architectural rewrite.
