path,status,bytes,sha256
TITECH_90_DAY_CHANGE_DISCOVERY_2026-09-28.md,ADDED,3292,0e9c56eb607bff0e99bab10c2926f2a193b00c62d6ed0e38c4aa552dcefd1162
TITECH_90_DAY_FILE_CHANGE_INDEX_2026-09-28.csv,ADDED,4467,55e163c2c96b3ef0d3b6bdbdd5b7121257d3b42d81db5931f63c6291287b1f6c
backend/audit/package.json,ADDED,94,b24002eb7f6e80043c55f3f05a2435b9b5f9149428ca23bcd6015113bb2437b9
backend/integrations/mtn/package.json,ADDED,79,aa81820f1c28136a026deec43bcf911312984d28643e99e7e984f3ef12195032
backend/modules/payment/mtn/mtnProductionReadiness.js,ADDED,2885,a53342383c2cc337d004396ba3fcd7e452c3746e113cffb799ff2e7e2803be46
backend/modules/pilot/pilotReadiness.js,ADDED,1045,a89d7da1de4d006fedb3887b28d2dbffdb3b19f5dfd2e8b198db34afb5ef7e98
backend/tests/unit/platform/titech90dayContracts.node.test.js,ADDED,1433,826d9ad02489d46f947333e9d188e027dc3290e7ff33c0bce77f0ae48da187d4
docs/90-DAY_IMPLEMENTATION_MASTER_2026-09-28.md,ADDED,3204,8fc82bd46238f4ee3d78913d69d3621079d51005717e4622d5fcba23a13523d1
docs/90-DAY_STATUS_2026-09-28.json,ADDED,1000,0b039e159696c031f29f48bfc2b8a1c519e57bb595429de58ea0004828053de6
docs/90-DAY_ZERO_BYTE_CLASSIFICATION_2026-09-28.md,ADDED,1544,aa89ee3afc3c94659f32581104154d47175f87739eb03667a3639bee2acce52c
docs/EXECUTIVE_IMPLEMENTATION_REPORT_2026-09-28.md,ADDED,4567,35744bfbdafab72853a76ae4431859cc7edb7518e70dc2cefca1802ea65100f6
docs/PRODUCTION_READINESS_SCORECARD_2026-09-28.md,ADDED,2126,cf559089a41f3c951b7c17dc65500c9709ac53c81879e16f7416dd9ccbae65e6
docs/REPOSITORY_TRUTH_INVENTORY_2026-09-28.md,ADDED,1993,e86e88df9efd8a66e755e358d107b718b16675ddffed2b7d0ad28c7e6934077f
docs/compliance/COMPLIANCE_REVIEW_PACK_2026-09-28.md,ADDED,824,bd1c549a065c55831ebc1e0a22bfc8df747ebfb9fd0014a8ced69f9bfd782f10
docs/investor/DATA_ROOM_INDEX_2026-09-28.md,ADDED,591,c85c06b777f68c16f4b59a14e7aac366db056f68a35309bf032e6c4cd8e62ef3
docs/pilot/PILOT_DEPLOYMENT_PACKAGE_2026-09-28.md,ADDED,1274,a78b288d9faf25d0b5f439de82cf5855a4299a3b06911eba2646053540296411
reports/repository-truth-inventory-2026-09-28.json,ADDED,80988,8b9ce6d0da118b394904710dc1d90ed67782333bc13dbc3d20d481aeedad586c
reports/runtime-import-audit.json,ADDED,51876,993ce7c6b046e3387a776a90091836c3ccad623e741fa71c6bd0202b055edf83
reports/titech-90-day-readiness.json,ADDED,1911,2656c6615584eb66cf4b173c6b454aa09d1b1ba744d7c588db126818f7cec5ca
scripts/titech-90-day-readiness-gate.mjs,ADDED,3365,8a9063a7225231ebc439f4d151c0cfd013e114bd569a948a3f7272735a16c55a
.github/workflows/ci.yml,MODIFIED,6095,5d3165c5968da9941614448865f0354d8e7d2955b888a33a5248a6c37aec542a
README.md,MODIFIED,34814,0fae2417c298851a8235aadd4dee52a33ca10ab7d940d2e39868bf1db5e3b3d3
backend/app.js,MODIFIED,25139,ebd376ea577ec1befc6056e03cb028bd91c5ee8e1aa741917c10f5ac64d99165
backend/audit/audit.constants.js,MODIFIED,271,622f8a7cd1526621b0ce69a0d99398628bc923b0a72855314306e416fe82c986
backend/audit/audit.middleware.js,MODIFIED,1098,1393761925e0025937fa081576e30967f94c5150d346e092860bf43d5e29ba54
backend/audit/audit.model.js,MODIFIED,172,b6775470544e469ebc78c22adfb38b664ee789fc6b8e02df87653794a6cb4989
backend/audit/audit.routes.js,MODIFIED,307,e92dbbbe2cee23fc2479925d2a0f7778d0db8a67a77e415c166618c2fb9753ef
backend/audit/audit.service.js,MODIFIED,196,d709d81d5f93596eb54b6d6528d61f30ac0c6b4761edee359cccf0af64706192
backend/bootstrap/app.js,MODIFIED,82416,7ffbac18faf502c916411910438ac70d8f571ef22638e99159c4efe9348eee1d
backend/config/environment.js,MODIFIED,72786,97a6f1cec983483a46cc2a58147cb53f8a60a29b01d213592b17e4c791b66dd8
backend/integrations/mtn/momo.constants.js,MODIFIED,210,71b1c03d740ca3297ec6fef92644b55449492e6428c69a4ce2fd3af1aa5d3e7a
backend/integrations/mtn/momo.controller.js,MODIFIED,1490,b6847d277fee8ec364d717162761eb87b4e6b7584a379b954d9810798ffea491
backend/integrations/mtn/momo.events.js,MODIFIED,295,66c1059ca9710193a4a348e24495a65c5084129208e073062e0089fd5a81b687
backend/integrations/mtn/momo.routes.js,MODIFIED,423,1f2d517363aac0784d18153de7a244aa416eab8c8e63bdc6efa7b7c2c1e4e0b4
backend/integrations/mtn/momo.service.js,MODIFIED,535,211aeac2187ed1dc9da56730ffc9f462f428e83c05c84d5eafe070e2e7a6f103
backend/integrations/mtn/momo.validator.js,MODIFIED,582,81f665e529253d3cb255c377faf632a1b63e1a281655173df1b74f0342a58856
backend/integrations/mtn/momo.webhook.js,MODIFIED,154,6fda7dc3b81b5dfffb3aeee8ce2984ebfae549bb8456e74ec7df9e8d57411f71
package.json,MODIFIED,6131,e98ae146bf189974db9ef97517f684bf3e809f3af40e84aa6f7a840294fd3af6
