change_type,path,category,baseline_sha256,updated_sha256,baseline_bytes,updated_bytes
ADDED,TITECH_ENTERPRISE_REMEDIATION_RELEASE_2026-10-08.md,Documentation / traceability,,f990d8d1de36ad567b6b22d3523fcd13b87b2b74e0b78b78c9aaaff4520cbbb2,,2443
ADDED,TITECH_REMEDIATION_CHANGE_MANIFEST_2026-10-08.json,Other,,SELF_MANAGED,,21521
ADDED,TITECH_REMEDIATION_FILE_CHANGE_INDEX_2026-10-08.csv,Other,,0ed3e56fb9586563afa79e4316b841a91ecc87278f9ee176d0ff82cd6da3332a,,10382
ADDED,backend/.env.production.example,Other,,3b25b4e223c5818aa8f12dcc1b146f093604781aa062b890fdf2bd02ffa2dc44,,3553
ADDED,backend/bootstrap/database.cjs,Bootstrap / readiness / configuration,,1fb76f5807b46c791055af42c5a9d45904dc495352ca14774e66e695c70b3b3a,,49961
ADDED,backend/config/db.cjs,Bootstrap / readiness / configuration,,2669894af084461f92e3872c725c5f569fc84710a012bab0d96b9ec838aaef4a,,76027
ADDED,backend/config/redis.cjs,Bootstrap / readiness / configuration,,41e1255243809fbdd5199e0259e3e613b23ef9a8dd89813dd0c941070b512114,,69140
ADDED,branding/official/TITech_Official_Logo_Transparent_Provided_2026-10-08.png,Official TITech branding,,f3736df3e46aca7941e71cd8d7cacd87fe7aceb79620d38c181c8ebce528dce5,,1266271
ADDED,docs/API_READINESS_CONTRACT.md,Documentation / traceability,,722654e599d5e2e4b4c7d5d621330364024b6d87c2ed345be899a22a3b782689,,1996
ADDED,docs/AUTHENTICATION_RUNTIME_FLOW.md,Documentation / traceability,,ebe3e215c69b0b641df2227429a8400de40ca9998158ed7552719bcdb341867c,,1958
ADDED,docs/AUTH_FAILURE_MATRIX.md,Documentation / traceability,,8d351338a81d1bc34289c18a503f265d33ecf28d7c21f3d1f7739ce63b5a53a9,,1402
ADDED,docs/AUTH_PRODUCTION_READINESS.md,Documentation / traceability,,281c7560853789f765f630fceebccd18b50cb798ce583ce05c750ae3f5c3b0cb,,2433
ADDED,docs/LOGIN_AUTH_REMEDIATION.md,Documentation / traceability,,edbbfc4ba7a9ab3a271896e820aa14dc87a4d53e8f6a58704b955da3ef5a9b5b,,6802
ADDED,docs/REMEDIATION_VERIFICATION_2026-10-08.md,Documentation / traceability,,f9e88233a7684146b6b479f0eb17c7eb6cabd3696cd25760349fa00ff9d5cd25,,2086
ADDED,docs/TITECH_REMEDIATION_CHANGE_DISCOVERY_2026-10-08.md,Documentation / traceability,,dad4a39f5422487af14fac815fa6cffb921a4d47493a6c4d7921ece65f4ca543,,9206
ADDED,frontend/.env.production.example,Frontend runtime / production configuration,,0a7d9a87e57987e5242c91fa3097430d8b1c996a88850bc8f56973e71ba2c5b3,,585
ADDED,reports/REMEDIATION_EXECUTION_SUMMARY_2026-10-08.json,Generated evidence,,a39977b679c90b4a15d40c34eadecdd7550e41b10cd2c4cba3e4b350975bed63,,1521
ADDED,reports/evidence/golden-money-path-proof.json,Generated evidence,,02c0b0d206deb769d91ee58f941e7a3eda89a1d8649c511fb92bec9f5b6c7745,,1315
ADDED,reports/frontend-runtime-audit.json,Generated evidence,,1bbefeaddc2328aef5dc996c2d4db6ef02723f15e34477c333acf435c17b391f,,3267
ADDED,reports/official-theme-audit.json,Generated evidence,,06ed4354bfc6b96ec00f9f5aa60bb6d6f1c3ddfa7b82e1b1e04890afd555a338,,4302
ADDED,reports/rbac-security-gate.json,Generated evidence,,a5098d30211a6bc9ee23e5874f3e01122b2ab0326c2a4548e5279ecdff96c22e,,2100
ADDED,reports/repository-completeness.json,Generated evidence,,155bc34e7987b5557b1c6fb67e296ee873d44f35f59a3e21b47b8cd64dcef899,,137421
ADDED,reports/repository-sha256.json,Generated evidence,,622f89ddb5baa10630752a3575d98f303b6c64ec43675e14879adc92af754638,,386387
ADDED,reports/runtime-import-audit.json,Generated evidence,,8b86e6a233fd68b3d835d5b26374b191fcb5724d4e65a555138a6d8600f67bcb,,33240
ADDED,reports/security-static-gate.json,Generated evidence,,79c99598296cf95531c5b0ea5f830386c00265d4d2e288ea6992daaefcf612ad,,367
ADDED,reports/startup-contract.json,Generated evidence,,d8caf88cf0efad854fb8e7d55b5a82d73b75ba83e1e2ab2d005859b4e5d76ed8,,403
ADDED,reports/titech-enterprise-master-gate.json,Generated evidence,,e05430a53e69a9f43528f309553174fc34fa2b7354a1facd90771bc782b8aefb,,9389
ADDED,reports/titech-enterprise-remediation-gate.json,Generated evidence,,16515d811af839221300a9f42ad52f8bb3b4b27330b93625c71cc467382e9ddb,,2485
ADDED,scripts/verify-login-readiness-remediation.mjs,Verification / release gates,,d5af84380127070baac26e896511b3ef3573aa8dc64e66ee837a13c6dcdea801,,6607
DELETED,backend/PRODUCTION_IMPLEMENTATION_v2.js,Other,0351cc7fb1c8e66cfaa6a161e604c38e07e908208659983d36a0abfa7999a377,,19086,
DELETED,backend/app.cjs,Other,691375dfce64eb4bf8b87ce3b8db8f781f8e8a068a81d77c4ee382eb644f13b1,,25307,
DELETED,backend/bootstrap/database.js,Bootstrap / readiness / configuration,4169d7beaf13150987c6d2bc1c04647255b9c14a4c83fb56282c1304cdce5012,,49959,
DELETED,backend/config/db.js,Bootstrap / readiness / configuration,2669894af084461f92e3872c725c5f569fc84710a012bab0d96b9ec838aaef4a,,76027,
DELETED,backend/config/redis.js,Bootstrap / readiness / configuration,41e1255243809fbdd5199e0259e3e613b23ef9a8dd89813dd0c941070b512114,,69140,
MODIFIED,backend/bootstrap/ApplicationBootstrap.js,Bootstrap / readiness / configuration,ad3a8830ac5ae9f14959f2b262656b056c41140a485e459831190c4141b28b9c,03840f3b8916732ea7cc228253df067975265aeda985151b739d9c0c1315f3aa,93871,95127
MODIFIED,backend/bootstrap/infrastructure.js,Bootstrap / readiness / configuration,045ad82ead963f47f4c7e24753d31f4de4ccf8a1fb9ec5939ab0eeb0ceb5b04c,3dcbafb15d1d6a44b959192afcdc778475112744a4a82de20b870ed1e7deb3f3,69598,69606
MODIFIED,backend/bootstrap/infrastructure/index.js,Bootstrap / readiness / configuration,34fa18e6d59cf3e196f659e0ba4f1a9bfd2f7b71d734144d6f5464f6544eba1e,305a8375b9f0f83564f0f29e62a9abf835f397b4b61d74a235da7c75762b2d06,40977,43995
MODIFIED,backend/bootstrap/middleware.js,Bootstrap / readiness / configuration,75aa8bb8f6f2953fc9a46559b655c95425fcf0dd33767ca85680b7752e3aeb2f,8edbfdf31f8a781dfbcd166625705944e447e84815e081eadc5e2ec630a2fbc9,34980,34974
MODIFIED,backend/bootstrap/server.js,Bootstrap / readiness / configuration,bf1d6b37216a6cc63be9448ae3f47f142c72c2273434119122d884ab9a44c3c2,e74c4c06161896694a40db5edad0be4d5cd59f24135e72718d274641c32f1f13,66500,64535
MODIFIED,backend/bootstrap/services.js,Bootstrap / readiness / configuration,e578bd74625225e6f672238c025bfc5a7e4c640141b4a0f6a7cee572dc15214f,37776fe737fec39a367552e97ee865c003ff5fe50832412acf6274fa6e1b1596,90351,89913
MODIFIED,backend/config/auth.config.js,Bootstrap / readiness / configuration,7258dd80a7fa58e247bd1d3a409711ea039e0472ca224619d95642e1e10f4862,8466eefa29a7411dfd5197345c187f3a888e11868d9683a219a693e88d1e6a8d,960,1064
MODIFIED,backend/controllers/authController.js,Authentication / authorization,3fa78e6fed83d430b1e8e7e42bc45d3d030d0b045513ce5887fce9c788af42cc,da10ab84475cc0939f56b8e66d656815ef66ccc750b02a07fe7f70740ab7cf1d,30724,31915
MODIFIED,backend/middleware/auth.js,Authentication / authorization,e2571c441cd7d26641f71acb1e2a3b48b4f85ccc916a45996cb86ee36e127538,647ebb8691bbdacc6490c57ed8c395ae74a4bfffe0bf36f2785add07c763d6ff,41310,41384
MODIFIED,backend/routes/index.js,Bootstrap / readiness / configuration,826af1fa4c7256e01a38e5ebdb9b01f6daba22f787a84065aedd19d4631e4fc3,c19575709798e15c58b9f9128de7f43840f3db3c7a6369c1ca3775d4fe72b7fe,42088,43470
MODIFIED,backend/routes/index.test.js,Bootstrap / readiness / configuration,6a69a994af040649cd5757ed72a47fb5f754f480b7c5056d5c27718a731f105f,9670916b34957de5eded8015008df458f38fd843367467f0472f5cd9c1e2dcdc,83544,83166
MODIFIED,backend/scripts/seed-admin.js,Compatibility / canonical path references,6a14a4f077aef2620710957cb1e87fed5ebc647107e1e90e5f97124096a60d43,bdbcd3491f5232f06f08cc809953791cf97ea9e4159a307575ace13b2f3166b0,2706,2710
MODIFIED,backend/scripts/seed-group.js,Compatibility / canonical path references,2885a3fbf0b9e41da65efc699484a85e7077bbc7410eac5b8957d35235e1d64a,2ea3ae9004ce0fd0789c67aadd2e87db3189ef592ca40b716a6330ecebabb4e4,4235,4239
MODIFIED,backend/services/airtel/auth.js,Compatibility / canonical path references,54745057e65f151091d7cc5142dfa80ce6804e432ec59224b532a9b26278d4db,db08886a1619a7a4561f549a497d6bd8e26bee7718191154b98b83eb4e499307,12239,12243
MODIFIED,backend/services/airtel/reconciliation.js,Compatibility / canonical path references,4ce7c22ba82c0f135815fb1332e68c7b8337d17ed171c0dc68ea50b0b3ebb28a,7a3643f0734426617f58152f8f31467b53df52817ee61a867cf747bbf6562f6b,14849,14853
MODIFIED,backend/services/airtel/webhooks.js,Compatibility / canonical path references,a1afa58f54391304c2332b78b3f0ba1e8dea9b3903fb021671d28062db2ae965,1f44f6e4723c1f70610a91b132b949626dd4ccec950e28c008a6ed3dc3e41f15,12730,12734
MODIFIED,backend/services/authService.js,Authentication / authorization,f2ed9572b260b7357d6b7196b1c84177c6c58aaad45ecd36a0bdf17865cb7fb8,d11d40fcbda9ddc52661e67aa6060d8a66bd371354677eb0377df212f3b4ac09,12945,12980
MODIFIED,backend/services/redis.cjs,Compatibility / canonical path references,8ed2ff4c661db809c8a07b6b6f2b991c3bf2195643716b0e5cf13dc59e58fe0b,232e28989e5d06c1363ebf4875e217667771cf6d94075ce4d60dd18f911e61ce,13433,13904
MODIFIED,backend/services/ussdSessionService.js,Compatibility / canonical path references,8e3eb6b72ec079d22776c885a5b70373161cd706d78c7a7ebd3596fc74764749,bcd21be6e0ec84fd611f71eb13c81e42728475e3b8dda09db9be257ef02b131d,10857,10861
MODIFIED,backend/src/infrastructure/monitoring/health.controller.js,Compatibility / canonical path references,22af42c3f00d7abe243657d2e1548c5cee86a4dccdb34f7b614a09ce05971fc1,2499de5a1fecc12bbfd3587bbbb5fbaf029abf32fdb5c9839e123c4bc0394f04,8333,8337
MODIFIED,docs/CHANGESET_FILE_INDEX_2026-09-21.csv,Documentation / traceability,63bb66b6b183de6edbcea261e129b73e0eeb8f7187500ec3153c8cd2672a9284,4bcdc6f569c82f0eba0b8c533b9518daef30e0e9dd6bdeff4f616a18c40311e9,515647,515648
MODIFIED,docs/TITECH_REMEDIATION_GATE_2026-09-27.json,Documentation / traceability,d3cdc2ee09a16c0bf4ea756c634c944bb464209d081679d0b67c756986414980,0672d3776ec37975c80e0c323a59058d07a7b92fb2c817c3b4d344403bdf778f,82149,82150
MODIFIED,docs/evidence/2026-10-07-source-tree-snapshot.json,Documentation / traceability,cafa2de547995eac48976537d37e4aa9ec39a1dd1cb78e4e104cfde9b4776e70,5bc11488916a169094c0b14d62460cbc3cbc54caec8858050ccbc241676ece83,592619,592620
MODIFIED,package.json,Tooling / release scripts,22df2d9d6e2c30afe3a91a3054bb9646e52a52c083681b4820006f66d0e06bc6,82c4a4525228026d11e221bdc2947a74d4b7da23e67981b78560e9e0075b5729,8020,8105
MODIFIED,scripts/official-theme-audit.mjs,Verification / release gates,b9d876404e2d3ef89d739b1eebe7dc4e939514ea152a98266ab2d21853a736ed,ed62ed3c095b9fe24c23bbdf801432a751b3fa76663dc68e9179f3a8a9b2c88f,13814,14499
MODIFIED,scripts/verify-runtime-contract.mjs,Verification / release gates,9a3c6403436f268c87856d5d5f266cc5cd0a69e70290fbb977eac1ac5ed9a94f,9143bef23fc39dcbebf5644af687f5ce83086cd8a08f40173473fd08de3c88f3,2103,2605
