path,change_type,size_before,size_after,sha256_before,sha256_after,category,rationale
.github/workflows/security-assurance.yml,MODIFIED,2113,2206,55caddf9508fefd33c80c4de639386a50b19c0b8f90f9a72f1c46ea497e4ceed,7caee1025d2c81188471211475e1d1a7fcb189b1619c7d76ede8dc8b1c88e3b8,CI/CD,Correct repository-root Docker build context and enforce container-context regression contract.
TITECH_CHANGE_DISCOVERY_2026-09-27.md,ADDED,,20785,,0346c16617f39447e0c7fd2779aa2edc0863ac3ad6083030615fba80adb76c10,Delivery / Change Artifacts,Delivery artifact documenting end-to-end implementation results and traceability.
TITECH_END_TO_END_IMPLEMENTATION_REPORT_2026-09-27.md,ADDED,,27732,,85cbe80b046de071d3b51fdc37aa5db968b2267188f623d86b1da7a32b0d4dba,Delivery / Change Artifacts,Delivery artifact documenting end-to-end implementation results and traceability.
backend/middleware/mtnWebhookMiddleware.cjs,ADDED,,1187,,6a29ea1aa3fb54217e6dca5838c74e2ad415084cb190d269795ba3426cbb4678,Backend / Security / Financial,"Harden MTN webhook middleware with fail-closed secret handling, raw-body signature verification and replay checks."
backend/middleware/mtnWebhookMiddleware.js,MODIFIED,949,188,4343299693c469e7d10fad2da1c888ffbd474f266ffa4863a1721461eeb0c990,a41ee516f621253b6b904d545074e5cc80b656aea7706647ab28fd7474b6227e,Backend / Security / Financial,Replace legacy CommonJS syntax in an ESM package with an explicit ESM facade.
backend/modules/finance/ledger/core/balanceService.cjs,ADDED,,1752,,399b006f1f47c946b00ceb33293dc803daf09fd1128160819f35a087ece2fb44,Backend / Security / Financial,Restore canonical compatibility bridge as explicit executable CommonJS while delegating to the canonical balance repository.
backend/modules/finance/ledger/core/balanceService.js,MODIFIED,0,517,e3b0c44298fc1c149afbf4c8996fb92427ae41e4649b934ca495991b7852b855,2d11448975e672e63d3f7e1d62e2824eb080a23eb07ac1d3480485205fdd2dfa,Backend / Security / Financial,Add ESM facade so the compatibility bridge is executable under the repository type=module boundary.
backend/routes/mtnWebhookRoutes.js,MODIFIED,22695,22699,9885ea63d324f212f951fb4d9d5ba53e71bab6f69bcf95983dbc85a6b34be515,99459f8d86d52a2a62a3a4ed9c72ad091fe7bf1e07f7da5d1f3c4b004c35bc9b,Backend / Security / Financial,Pin legacy CommonJS route consumer to explicit .cjs middleware boundary.
backend/utils/webhookSecurity.cjs,ADDED,,1422,,7086438dda72feb4766460e295ca3dd3efe4a2d34ea64786bda14c4ae3fe4dd3,Backend / Security / Financial,Add executable CommonJS compatibility boundary implementing constant-time HMAC verification and replay-window checks.
backend/utils/webhookSecurity.js,MODIFIED,525,211,3d5b0972266a1d331dd61a517328e0c270d3ae9acfa740d112014937952731c2,3f7c793b7af6cccc8517c7779e914910372a808e6c8d224e3493d3361c539461,Backend / Security / Financial,Replace invalid CommonJS-in-ESM implementation with ESM facade over hardened constant-time raw-body/replay-aware CJS boundary.
docs/evidence/README.md,MODIFIED,928,336,e183b06c4fba1c4e0082585250d9444ad6c8b31777c12387e1a8462d88f1cbf1,3676e66bc0f5bd4a5fe64df828011c6973714a9da90f8ee00203e31f57dfcb58,Evidence Register,Record the distinction between source-level evidence and externally executed provider/security/operations/pilot evidence.
docs/evidence/operations/2026-09-27-source-readiness.md,ADDED,,309,,8eb2c035e202d1d1a554bb64e201400272eefbda7a3cff4b1bcd3d9b1f4c5fed,Evidence Register,Record the distinction between source-level evidence and externally executed provider/security/operations/pilot evidence.
docs/evidence/pilot/2026-09-27-pilot-readiness.md,ADDED,,304,,0621a1a349d7e7ee9acd863d2cb80005de3c4e32b90e5b2f22b2c152472cb392,Evidence Register,Record the distinction between source-level evidence and externally executed provider/security/operations/pilot evidence.
docs/evidence/provider/2026-09-27-provider-readiness.md,ADDED,,273,,260526287f641a46cfae50b2091790e4ccfd2e921555907df5d602e31442a946,Evidence Register,Record the distinction between source-level evidence and externally executed provider/security/operations/pilot evidence.
docs/evidence/security/2026-09-27-source-contracts.md,ADDED,,439,,5c71ff6d04e0b0a630b345f1090bec2fe5d085f126daca025babd020c3fb0d39,Evidence Register,Record the distinction between source-level evidence and externally executed provider/security/operations/pilot evidence.
docs/production-readiness/00-baseline.md,ADDED,,357,,a9cad63bef47140349e92f10a14b43f394eb3242300d1f673370c36c7a50a66e,Production Readiness Documentation,"Add phase baseline, authority map, runtime/dependency/security/provider/operations/test/readiness evidence and limitations."
docs/production-readiness/01-architecture-authority-map.md,ADDED,,2744,,2d26dd023054d2b7e391437243c858ddb02ff36d41e1385bc48222049becef1e,Production Readiness Documentation,"Add phase baseline, authority map, runtime/dependency/security/provider/operations/test/readiness evidence and limitations."
docs/production-readiness/02-runtime-inventory.md,ADDED,,340,,61e5cf5aca1907f85f656881195c6fa50ba210952ea110f8e4059373a8d02956,Production Readiness Documentation,"Add phase baseline, authority map, runtime/dependency/security/provider/operations/test/readiness evidence and limitations."
docs/production-readiness/03-financial-flow-map.md,ADDED,,470,,83eacdd768fce3f604d03b642d79c01faf383447efa1657e4aab233c984d0ca1,Production Readiness Documentation,"Add phase baseline, authority map, runtime/dependency/security/provider/operations/test/readiness evidence and limitations."
docs/production-readiness/04-dependency-risk-register.md,ADDED,,385,,879898d7117ac607a545f3cc9525b1715eb3fe459d5c947817116684d76f6d8e,Production Readiness Documentation,"Add phase baseline, authority map, runtime/dependency/security/provider/operations/test/readiness evidence and limitations."
docs/production-readiness/05-security-baseline.md,ADDED,,388,,193386486f694e46cc482482513f368b9968007c6dd59c1808f6b366f5948cd1,Production Readiness Documentation,"Add phase baseline, authority map, runtime/dependency/security/provider/operations/test/readiness evidence and limitations."
docs/production-readiness/06-provider-readiness.md,ADDED,,375,,22419325cd63ae7997a6c81009ee056f5b8db9d000b9ddee6ffc8d1224ba2c44,Production Readiness Documentation,"Add phase baseline, authority map, runtime/dependency/security/provider/operations/test/readiness evidence and limitations."
docs/production-readiness/07-operational-readiness.md,ADDED,,340,,ecd9abaebddb08a925cca02c4aac36869cd0dc3fb72fb9f852aa158dc949321d,Production Readiness Documentation,"Add phase baseline, authority map, runtime/dependency/security/provider/operations/test/readiness evidence and limitations."
docs/production-readiness/08-test-evidence-index.md,ADDED,,539,,f388d643780d59f740035eaf01403ec0a6dc3e99db901f5049f7e689232896fa,Production Readiness Documentation,"Add phase baseline, authority map, runtime/dependency/security/provider/operations/test/readiness evidence and limitations."
docs/production-readiness/09-production-gates.md,ADDED,,278,,8e7b41a90d063da306f99fb283580a0e59e245e0d6c79094ba9e8454978f2e83,Production Readiness Documentation,"Add phase baseline, authority map, runtime/dependency/security/provider/operations/test/readiness evidence and limitations."
docs/production-readiness/10-known-limitations.md,ADDED,,468,,e3f6ba114d41447a9f478bbb395025a92c78e2a3a156e17828bef7dedcc8fed5,Production Readiness Documentation,"Add phase baseline, authority map, runtime/dependency/security/provider/operations/test/readiness evidence and limitations."
docs/production/ARCHITECTURE.md,ADDED,,1046,,07e59b287f4045a6538bddcbc0e7bbf8b77faa29686a2671b7a11369b1d92f1c,Production Documentation,"Add required production architecture, financial-control, security, DR, operations, support, provider, reconciliation, pilot and approval evidence package."
docs/production/AUTHORITY-MAP.md,ADDED,,415,,31e5503aad03dec86a739f5fe5180bf18368744b69455d3632802659b9622e03,Production Documentation,"Add required production architecture, financial-control, security, DR, operations, support, provider, reconciliation, pilot and approval evidence package."
docs/production/BACKUP-RESTORE.md,ADDED,,362,,4978c3e0a016a65827c0b9a346d8545addad04aecf252e31398150764dea589f,Production Documentation,"Add required production architecture, financial-control, security, DR, operations, support, provider, reconciliation, pilot and approval evidence package."
docs/production/DISASTER-RECOVERY.md,ADDED,,370,,9acf1c69cd57cc82db9f5e36fbb1986bd845b2039a89fafdd0c055c177a0cbd0,Production Documentation,"Add required production architecture, financial-control, security, DR, operations, support, provider, reconciliation, pilot and approval evidence package."
docs/production/FINANCIAL-INVARIANTS.md,ADDED,,869,,84703f911ccdb59b085a2f24bedc68b7fff158c76b62f83bc8591ee623b08100,Production Documentation,"Add required production architecture, financial-control, security, DR, operations, support, provider, reconciliation, pilot and approval evidence package."
docs/production/GOLDEN-MONEY-PATH.md,ADDED,,827,,193348e2674ef218b5d2e350d06517bf76e8afdf77749d14d30cb7ebd3ad751b,Production Documentation,"Add required production architecture, financial-control, security, DR, operations, support, provider, reconciliation, pilot and approval evidence package."
docs/production/INCIDENT-RESPONSE.md,ADDED,,460,,4cee82d4995cbb3809e6d6b2006ad1f570371e8035f637199249de4e7ad3b4a9,Production Documentation,"Add required production architecture, financial-control, security, DR, operations, support, provider, reconciliation, pilot and approval evidence package."
docs/production/OBSERVABILITY.md,ADDED,,521,,c64fa108ffd40fe8ad66184648e739e58155bf05d5fc8a5021946c6fda6bf883,Production Documentation,"Add required production architecture, financial-control, security, DR, operations, support, provider, reconciliation, pilot and approval evidence package."
docs/production/OPERATIONS-RUNBOOK.md,ADDED,,487,,4c1b09881f5ec35f37111c0e10051653df84b3260c59dae405516a1c22ad338c,Production Documentation,"Add required production architecture, financial-control, security, DR, operations, support, provider, reconciliation, pilot and approval evidence package."
docs/production/PAYMENT-PROVIDER-CERTIFICATION.md,ADDED,,656,,c92540da9025ee95c7064039a48981609ca68f55fdaf975d3559adc7fcbf5ccc,Production Documentation,"Add required production architecture, financial-control, security, DR, operations, support, provider, reconciliation, pilot and approval evidence package."
docs/production/PERFORMANCE.md,ADDED,,480,,9332848f48cd27a024d1430feb460c22f1b25dc32f2301a5c20be9427a5ebe88,Production Documentation,"Add required production architecture, financial-control, security, DR, operations, support, provider, reconciliation, pilot and approval evidence package."
docs/production/PILOT-READINESS.md,ADDED,,474,,fda8136f4e85e547e4fddce8fbee2169556f5af772d1a23b0b42765ee4f93be2,Production Documentation,"Add required production architecture, financial-control, security, DR, operations, support, provider, reconciliation, pilot and approval evidence package."
docs/production/PRODUCTION-APPROVAL.md,ADDED,,981,,119e810bc76497c1ec2dde788b8b3d921a9e6067229bd7e7e29be5a99e0bdf7e,Production Documentation,"Add required production architecture, financial-control, security, DR, operations, support, provider, reconciliation, pilot and approval evidence package."
docs/production/RECONCILIATION.md,ADDED,,654,,dc7a3a8a361df3abf274aff5f3bc4c3c6285211d9d9724cb849bd7ac8c5e87b8,Production Documentation,"Add required production architecture, financial-control, security, DR, operations, support, provider, reconciliation, pilot and approval evidence package."
docs/production/REGULATORY-ASSUMPTIONS.md,ADDED,,463,,039bf47a37ce7959d046a1e0d529b19980d8e8cdf08d79e74403ae49b20c3a57,Production Documentation,"Add required production architecture, financial-control, security, DR, operations, support, provider, reconciliation, pilot and approval evidence package."
docs/production/RELEASE-CHECKLIST.md,ADDED,,567,,85eeea95eaeb5b4bf57cf2365e454d7175e5fbf43ae49c3c13080c5d193be1ed,Production Documentation,"Add required production architecture, financial-control, security, DR, operations, support, provider, reconciliation, pilot and approval evidence package."
docs/production/SECURITY.md,ADDED,,681,,aa2fd7c467d7be73cdc7fac9341cd021289e3d43ef354a542f7f7f5821cd8f27,Production Documentation,"Add required production architecture, financial-control, security, DR, operations, support, provider, reconciliation, pilot and approval evidence package."
docs/production/SUPPORT-RUNBOOK.md,ADDED,,401,,4bef97da3781353e9815db5b288dfce7d266e5ad8c98b217342c44d42b071f09,Production Documentation,"Add required production architecture, financial-control, security, DR, operations, support, provider, reconciliation, pilot and approval evidence package."
docs/production/TENANCY.md,ADDED,,407,,c4d41b19e0c83e8a9c0ad5f062a986f9b5b223ff36a538679703fae7e5c12b02,Production Documentation,"Add required production architecture, financial-control, security, DR, operations, support, provider, reconciliation, pilot and approval evidence package."
docs/production/TEST-EVIDENCE.md,ADDED,,583,,37afb783efc5a6ee58121f068f7cd3773313fb88368a445c0837983122adf2e6,Production Documentation,"Add required production architecture, financial-control, security, DR, operations, support, provider, reconciliation, pilot and approval evidence package."
docs/production/THREAT-MODEL.md,ADDED,,525,,84a1d2bd6ff5e6e92e60d7703787541b815e56c659c4e36d73fc9881163adfaf,Production Documentation,"Add required production architecture, financial-control, security, DR, operations, support, provider, reconciliation, pilot and approval evidence package."
docs/production/evidence/production-evidence-index.json,ADDED,,545,,4749a432d21423d1c17ae4ce90f868e1b64bb739076c32f4823681abf74c083c,Production Documentation,"Add required production architecture, financial-control, security, DR, operations, support, provider, reconciliation, pilot and approval evidence package."
frontend/public/images/independent Circular#U202fSeal.png,DELETED,1078632,,dad4787284cfeff72eb1a3295c1c5ca7aba820c2e6575e45153fe1a8879f2826,,Frontend / Authentication,Rename anomalous Unicode/escaped filename to the canonical circular seal asset name.
frontend/public/images/independent Circular Seal.png,ADDED,,1078632,,dad4787284cfeff72eb1a3295c1c5ca7aba820c2e6575e45153fe1a8879f2826,Frontend / Authentication,Canonicalized circular seal asset filename from anomalous escaped/Unicode variant.
frontend/src/app/store.js,MODIFIED,11439,12305,98a1bbf1e10cb296f1c2a50fc4d70bbdb62109dd79346b08feb6c4d77a456149,4bb48ef016cdeb5851f1a8c1d6d122bb54c8ae4c8de8c52c8dae3a7bc9c7dac0,Frontend / Authentication,Prevent redux-persist from serializing access/refresh credentials into browser storage.
frontend/src/features/auth/authSlice.js,MODIFIED,51820,51974,a152b396f4abc07ad486a64ef3cfc3b81950ccbcf589cfddf1e868bdf8360878,28106d4b95f9d408ec8502600eba8eb98be11fdf7aab46f7a7d6dc7f18da1cae,Frontend / Authentication,Make access/refresh tokens memory-only and preserve only non-secret session metadata in browser storage.
frontend/src/services/socket.js,MODIFIED,9796,9354,c9244c4313e79f85a282747f7a45960c9f7898b79ffbfcbd0c3e36353cb7bfa7,c95293e474eda04029e5ea106438d1169e0ce78bd75d0fe0ce8774cddb01c45d,Frontend / Authentication,Remove direct browser token persistence/access from Socket.IO and use canonical in-memory auth APIs.
package.json,MODIFIED,6890,7599,4cd3f8dabdf6517d09cb904c40318e2e51e6d996e9889df95a96ac56f6f34a13,8df75112585dd762488c2ff1af4f8b4e758a4213a599f248fd9cc34945d6af23,Repository Tooling,Add and enforce source/security/authority/container contract checks in the standard repository check pipeline.
reports/authority-map-audit.json,ADDED,,3789,,4c7ee0823557584bac2672a45410fbbeeabccfa4be71e6b9114688192c479632,Generated Evidence,Generated evidence/result artifact from the corresponding repository gate or source-verification run.
reports/container-context-contract.json,ADDED,,365,,0cb9e2a2180ae5dafecd1e4e9e52a27fc3f4cdb74eef5ad871035473313518d8,Generated Evidence,Generated evidence/result artifact from the corresponding repository gate or source-verification run.
reports/dr-restore-results.json,ADDED,,250,,a4c27bd6f374d9516cab4563dee22517b4b785dcda6b2a31089abbb463eebd37,Generated Evidence,Generated evidence/result artifact from the corresponding repository gate or source-verification run.
reports/evidence/golden-money-path-proof.json,ADDED,,1315,,3340196824e197e357b6cffe8d3e5b09b0f1d874987c4a4c8cd1f09a37f4950a,Generated Evidence,Generated evidence/result artifact from the corresponding repository gate or source-verification run.
reports/external-proof-gate.json,ADDED,,1777,,38c5c2c5630f0af6ba643f5a6fd22b368b52eaad31d5b6b82f20ace64a3d7e6d,Generated Evidence,Generated evidence/result artifact from the corresponding repository gate or source-verification run.
reports/module-forensics.json,ADDED,,6201,,5e6b7f53c61d765abd700ee4560abdc804d7b36f8242a160869b367c4e3b9116,Generated Evidence,Generated evidence/result artifact from the corresponding repository gate or source-verification run.
reports/npm-check-2026-09-27.txt,ADDED,,3678,,d57b8aff01fe8b276b742215fe83606ef9f5821def4091a2c48b111bfac23c64,Generated Evidence,Generated evidence/result artifact from the corresponding repository gate or source-verification run.
reports/p0-strict-2026-09-27.txt,ADDED,,609,,48f76a1e5b1d24895de7fe67e3cb207e79ecde4dc4d536d620a6e5bb2068320f,Generated Evidence,Generated evidence/result artifact from the corresponding repository gate or source-verification run.
reports/p1-strict-2026-09-27.txt,ADDED,,193,,a6e8cffa13a1229a4f25f5e6aa2e9995e424bc2d2dcbbc11f151018711b6eb33,Generated Evidence,Generated evidence/result artifact from the corresponding repository gate or source-verification run.
reports/p2-strict-2026-09-27.txt,ADDED,,27,,7e423ec06322c86283926e8da1aae7a32b2d9925d9d6738e8cc184150d3ab7cb,Generated Evidence,Generated evidence/result artifact from the corresponding repository gate or source-verification run.
reports/production-evidence-index.json,ADDED,,545,,4749a432d21423d1c17ae4ce90f868e1b64bb739076c32f4823681abf74c083c,Generated Evidence,Generated evidence/result artifact from the corresponding repository gate or source-verification run.
reports/production-readiness.json,ADDED,,754,,151c746a29a4d597be52ab7f310ea457e06e19c89dfcb09ef5b4c6c1cc4046f5,Generated Evidence,Generated evidence/result artifact from the corresponding repository gate or source-verification run.
reports/provider-certification.json,ADDED,,427,,f03623dffe1c21cf5770ab01dc58bfdfee28a74f0a38ebe96adcb9c24cbde561,Generated Evidence,Generated evidence/result artifact from the corresponding repository gate or source-verification run.
reports/reconciliation-results.json,ADDED,,344,,d4601cd73ba756d038fb254b85ceb0e9e85442a3749a49acdc47743fea19b866,Generated Evidence,Generated evidence/result artifact from the corresponding repository gate or source-verification run.
reports/repository-completeness.json,ADDED,,152128,,1c81b900b375eb3c0b8740cf7e1d0c4f301b050f49b513075c32b7b2ee25cbd3,Generated Evidence,Generated evidence/result artifact from the corresponding repository gate or source-verification run.
reports/repository-sha256.json,ADDED,,327629,,bb0f4fd751584fb85fd344a0f62e0ab5beb6e0c1143d5fdd215ec149e8989853,Generated Evidence,Generated evidence/result artifact from the corresponding repository gate or source-verification run.
reports/route-import-matrix.json,ADDED,,41726,,96a34bae167a414cb979841c6a5e447b176d5343b9590eb758c5e22174038770,Generated Evidence,Generated evidence/result artifact from the corresponding repository gate or source-verification run.
reports/runtime-import-audit.json,ADDED,,51876,,794e47925555822b75938050c4e3250b3c03f2f99e4201ec4f286a0513febae8,Generated Evidence,Generated evidence/result artifact from the corresponding repository gate or source-verification run.
reports/security-results.json,ADDED,,333,,1096a726cec57b832d17bf041af569a800ccd22ab39501b9003a7d32fc7c7983,Generated Evidence,Generated evidence/result artifact from the corresponding repository gate or source-verification run.
reports/security-static-gate.json,ADDED,,367,,6a096a2df338d5673bcdee75171d560310cad7a635e9544779e14b6a0f076944,Generated Evidence,Generated evidence/result artifact from the corresponding repository gate or source-verification run.
reports/startup-contract.json,ADDED,,403,,5cb6da8b1afb297fa35bcb495f5c464d40e8507a747ed19801d94c3aeb60a004,Generated Evidence,Generated evidence/result artifact from the corresponding repository gate or source-verification run.
reports/test-results.json,ADDED,,415,,a71da680155775e764d6cdafd4dbac486228879340c22a9133784e6f7e3bbc1e,Generated Evidence,Generated evidence/result artifact from the corresponding repository gate or source-verification run.
reports/titech-p0-phase-gate.json,ADDED,,790,,d3a32f641b79c2f50e4e450aa7e940813faffcd114d23d059ad359d8a1d16b63,Generated Evidence,Generated evidence/result artifact from the corresponding repository gate or source-verification run.
reports/titech-p1-phase-gate.json,ADDED,,384,,807fb4c22275dbfcea16c551b64d469b1cd4e959063f05fcd347981e7340e4c6,Generated Evidence,Generated evidence/result artifact from the corresponding repository gate or source-verification run.
reports/titech-p2-phase-gate.json,ADDED,,218,,8c2cf8388157ad1846215891c7cd8548cdebbb659fffd432c628678af61a1174,Generated Evidence,Generated evidence/result artifact from the corresponding repository gate or source-verification run.
reports/validation-2026-09-27.txt,ADDED,,3893,,0b73ca08f4d577b197c39a5b8cfe9ebb94d4885d652226a63dcbee8cd20ee714,Generated Evidence,Generated evidence/result artifact from the corresponding repository gate or source-verification run.
scripts/authority-map-audit.mjs,ADDED,,5397,,41981f488d3cee69bcb09f8472c7db2af8f10d5edfa371e23ac5e746a33abd76,Automation / Evidence Gates,Add executable contract/evidence automation for the end-to-end production-readiness programme.
scripts/container-context-contract.mjs,ADDED,,3499,,3afa8c1abd21a5211904a9cb4463f96447f4736bc633781b19fd67e7f220a92e,Automation / Evidence Gates,Add executable contract/evidence automation for the end-to-end production-readiness programme.
scripts/enterprise-gate.mjs,MODIFIED,11203,13473,4e5df6ddb834cc1897ca9ba125f0a99578e47dc5ef48f1e34d3412101ede5661,a2fe2b7681259c79dadc429376f865d9b44af79b007232bd5335a5ee8402b497,Automation / Evidence Gates,Recognize explicit CJS security boundaries and enforce fail-closed webhook contracts.
scripts/external-proof-gate.mjs,MODIFIED,3148,3095,2e371925936d93ad86c68a5f9183719c4c35a5c5c8ef262ba1814e44d338bd06,5383120186d75f4f215b066be2e8d378759a911a480a9fd728946252a7a2eeb5,Automation / Evidence Gates,Require concrete environment/provider/security/DR/Kubernetes/reconciliation/pilot evidence instead of documentation presence.
scripts/production-approval-gate.mjs,MODIFIED,1623,1793,ae678a5a2f88dd3beaef043013fcad004359cb2faa1cb78f96ccc76a464d5b8a,cfad1ba84981c4717686c79dbf8a99bbeb2ef92007dbe6091b790044e2c33389,Automation / Evidence Gates,Require external proof gate success in addition to protected production approval metadata.
scripts/production-evidence-package.mjs,ADDED,,4421,,6809923bed911e7021650f880d2fa54eeea60d56dc7203b0fcdfbb3bb952a6ec,Automation / Evidence Gates,Add executable contract/evidence automation for the end-to-end production-readiness programme.
scripts/security-static-gate.mjs,ADDED,,6790,,a98cafb89e85dd911b8e9b3149d9a59c02b42fcf768491e8cb757b71d2f15828,Automation / Evidence Gates,Add executable contract/evidence automation for the end-to-end production-readiness programme.
scripts/source-contract-smoke.mjs,ADDED,,2070,,d8dca1738ce81b964ee85ae399e3860c7af360077f64b8ca6a5c81029e2f38f4,Automation / Evidence Gates,Add executable contract/evidence automation for the end-to-end production-readiness programme.
toolchain-versions.txt,MODIFIED,94,44,b0107569c64bc270a328182877a47f3d7271acc0333216bd31a98c92cdeb133f,2b0b645dc88f152ebe43e9e81cbf0459ebbbc788d64957a7ef81b10d1d990cf4,Repository Tooling,Normalize target Node/npm toolchain declaration for reproducible machine parsing.
TITECH_CHANGE_MANIFEST_2026-09-27.csv,ADDED,,,,SELF-REFERENTIAL — intentionally excluded from stable self-hash,Delivery / Change Artifacts,File-by-file change manifest for this implementation pass.
