change_type,path,category,reason,baseline_sha256,updated_sha256,baseline_bytes,updated_bytes
ADDED,backend/.env.production.example,Production environment contract,Add documented production configuration templates without secrets so hosting/release gates can validate environment separation.,,2527aa0488344e077feafc225ddb31546576a2fc0cdeaca47bcbde8c218d792e,0,2237
ADDED,docs/evidence/01-repository-baseline.md,Evidence/readiness documentation,"Record evidence maturity, residual risks and the exact change/discovery map required by the master prompt.",,6f4ab15fec22dc7f14390e3f8666179e9dc8068a8de3bbcfea3432de76ce7670,0,736
ADDED,docs/evidence/02-import-resolution-report.md,Evidence/readiness documentation,"Record evidence maturity, residual risks and the exact change/discovery map required by the master prompt.",,fe9bc86feb4cfca6a8a7f8b40bc8237c7d0ce0e1e008998da2aafa6234aaf283,0,834
ADDED,docs/evidence/03-zero-byte-resolution-report.md,Evidence/readiness documentation,"Record evidence maturity, residual risks and the exact change/discovery map required by the master prompt.",,1d29e336408ca54593fbb118a5f56e642f5b868270917b280316af495ceaa98b,0,769
ADDED,docs/evidence/04-esm-cjs-consolidation.md,Evidence/readiness documentation,"Record evidence maturity, residual risks and the exact change/discovery map required by the master prompt.",,2c5fb39964cdec072245b2cc6dfdf6ea6325115988a82f2096f92246c28827b2,0,853
ADDED,docs/evidence/05-financial-architecture-verification.md,Evidence/readiness documentation,"Record evidence maturity, residual risks and the exact change/discovery map required by the master prompt.",,1ee57f68ddf72383575f13a66dbde1ce995fcd783a38e9cc51107316bb75f57e,0,794
ADDED,docs/evidence/06-golden-path-test-report.md,Evidence/readiness documentation,"Record evidence maturity, residual risks and the exact change/discovery map required by the master prompt.",,bb2636e15484b9eea61ff8c4d7f6af5f67e91d57a9bbe1faab7a168203791992,0,773
ADDED,docs/evidence/07-concurrency-test-report.md,Evidence/readiness documentation,"Record evidence maturity, residual risks and the exact change/discovery map required by the master prompt.",,c408ce76067f990d712b677b12f64ed576da845f448fdb5efa01d7a35351f028,0,832
ADDED,docs/evidence/08-mongodb-validation.md,Evidence/readiness documentation,"Record evidence maturity, residual risks and the exact change/discovery map required by the master prompt.",,a5965c3001fa54f39610e47d145b60051cc4fe2e84e7580859efad1815b53b3b,0,790
ADDED,docs/evidence/09-redis-validation.md,Evidence/readiness documentation,"Record evidence maturity, residual risks and the exact change/discovery map required by the master prompt.",,c6c6456ddddf3a5312087734ec5ab7c99928afe20880819f957b61ff62f0c6c7,0,776
ADDED,docs/evidence/10-mtn-sandbox-proof.md,Evidence/readiness documentation,"Record evidence maturity, residual risks and the exact change/discovery map required by the master prompt.",,b81b20a67d6dcaff9f08197c83deb3c1a166f9f397d43259e4b138b3d3439fa2,0,830
ADDED,docs/evidence/11-mtn-production-proof.md,Evidence/readiness documentation,"Record evidence maturity, residual risks and the exact change/discovery map required by the master prompt.",,fe51de22cef7189f2329fe9f785a2a4f3bc7d2da9bab3fa7f93847097ec5b747,0,803
ADDED,docs/evidence/12-reconciliation-proof.md,Evidence/readiness documentation,"Record evidence maturity, residual risks and the exact change/discovery map required by the master prompt.",,95f09b371d864321853b8ce75e1ba7d1a938b08786f2e061638f989bb47a5270,0,791
ADDED,docs/evidence/13-security-assessment.md,Evidence/readiness documentation,"Record evidence maturity, residual risks and the exact change/discovery map required by the master prompt.",,2825dbe0f2d05a6eebebbb5bbaa507eac745dbb52d99059d2e1d949b5215d44d,0,756
ADDED,docs/evidence/14-sast-report.md,Evidence/readiness documentation,"Record evidence maturity, residual risks and the exact change/discovery map required by the master prompt.",,a69c3dcbf84999cdb09121cbd62c3d9aa5e3b86a1ae859bf5c78076c4a7d6897,0,771
ADDED,docs/evidence/15-dependency-scan.md,Evidence/readiness documentation,"Record evidence maturity, residual risks and the exact change/discovery map required by the master prompt.",,611db3af70f9cc1f8956b814aa3ffa7544eecc393fd67a24dcbca7347a0ebe7f,0,796
ADDED,docs/evidence/16-secret-scan.md,Evidence/readiness documentation,"Record evidence maturity, residual risks and the exact change/discovery map required by the master prompt.",,3a1fde4a7d00f981decac5b4ecebf6495ea39c575619bed68e82a8f0ff1ae135,0,830
ADDED,docs/evidence/17-dast-report.md,Evidence/readiness documentation,"Record evidence maturity, residual risks and the exact change/discovery map required by the master prompt.",,08a3ad0f697318297c823eed551df0c2a70f591f8c47afaf4d4272384be214cf,0,744
ADDED,docs/evidence/18-backup-restore-drill.md,Evidence/readiness documentation,"Record evidence maturity, residual risks and the exact change/discovery map required by the master prompt.",,fc163b8eb3446692d10e5e4bc3c4f5b089e776a23cb961b3431d34bdc02f8426,0,763
ADDED,docs/evidence/19-disaster-recovery-test.md,Evidence/readiness documentation,"Record evidence maturity, residual risks and the exact change/discovery map required by the master prompt.",,5908ac15f6372b424f9787ab14f794351872bcba9618d66c1062b7d1aba13736,0,743
ADDED,docs/evidence/20-kubernetes-deployment-proof.md,Evidence/readiness documentation,"Record evidence maturity, residual risks and the exact change/discovery map required by the master prompt.",,55c4b61fb94d5820afdcf7a887a1ec9baa4ef98207c22b65285068d7dac2722b,0,770
ADDED,docs/evidence/2026-10-02-enterprise-implementation-change-discovery.md,Evidence/readiness documentation,"Record evidence maturity, residual risks and the exact change/discovery map required by the master prompt.",,bb5083a2630ce9822285b8b86e6f920329fd176bd772df894ca82c1fb5052fef,0,14198
ADDED,docs/evidence/2026-10-02-enterprise-readiness-dashboard.md,Evidence/readiness documentation,"Record evidence maturity, residual risks and the exact change/discovery map required by the master prompt.",,996adefadd192dd754bda5bd91a3ed419fa489a25fef6c6a4c8719325e0ef07d,0,3238
ADDED,docs/evidence/2026-10-02-file-change-index.csv,Evidence/readiness documentation,"Record evidence maturity, residual risks and the exact change/discovery map required by the master prompt.",,SELF_HASH_EXCLUDED,0,0
ADDED,docs/evidence/2026-10-02-implementation.patch,Evidence/readiness documentation,"Record evidence maturity, residual risks and the exact change/discovery map required by the master prompt.",,59d9853a060a2a2bd9fa53437dc19446f6a23b686e469909f8c3db5443cd8d89,0,714585
ADDED,docs/evidence/2026-10-02-local-verification-log.md,Evidence/readiness documentation,"Record evidence maturity, residual risks and the exact change/discovery map required by the master prompt.",,79cd01cdb870f3fa81b6b98be3910ec0612bf11bc016881ced26b18ac5ea84dd,0,1302
ADDED,docs/evidence/21-rollback-proof.md,Evidence/readiness documentation,"Record evidence maturity, residual risks and the exact change/discovery map required by the master prompt.",,c1120a251512c5c141ca61e357407ba918cbd568a78e89bfed3f5ae1ab44d55b,0,740
ADDED,docs/evidence/22-observability-proof.md,Evidence/readiness documentation,"Record evidence maturity, residual risks and the exact change/discovery map required by the master prompt.",,2200923bf2e4146eeee3139c4870ce35dac36d5bb1489a69f29c3dd21a12c633,0,797
ADDED,docs/evidence/23-incident-response-drill.md,Evidence/readiness documentation,"Record evidence maturity, residual risks and the exact change/discovery map required by the master prompt.",,3c7ac2041b8c00cd2d7220b4a3368b6900e4045ab51f540e4bc1d449596ed373,0,790
ADDED,docs/evidence/24-uganda-legal-regulatory-review.md,Evidence/readiness documentation,"Record evidence maturity, residual risks and the exact change/discovery map required by the master prompt.",,f2428b5279a3c33d3bbfdfa880973801c040badf0739d9689d5b8fd35d606399,0,787
ADDED,docs/evidence/25-pilot-01-evidence.md,Evidence/readiness documentation,"Record evidence maturity, residual risks and the exact change/discovery map required by the master prompt.",,e369e3e240cab7363d4253298599144492c1437f5f52bb406a5e035218a9358f,0,787
ADDED,docs/evidence/26-pilot-02-evidence.md,Evidence/readiness documentation,"Record evidence maturity, residual risks and the exact change/discovery map required by the master prompt.",,8a2239b60798ac2c386c3244a91e745483c892aad393716b6fbd8312eda4b1b9,0,740
ADDED,docs/evidence/27-pilot-03-evidence.md,Evidence/readiness documentation,"Record evidence maturity, residual risks and the exact change/discovery map required by the master prompt.",,40af18139057f51a70b26a0de2bd25a43f8ef527c635ec58deda27d42d850b05,0,740
ADDED,docs/evidence/28-first-paying-customer.md,Evidence/readiness documentation,"Record evidence maturity, residual risks and the exact change/discovery map required by the master prompt.",,a03725ff70c67c96f75196e8cccea7cbdf2bcdeddbe9ea8d028c838c7b4e28ed,0,782
ADDED,docs/evidence/29-production-readiness-gate.md,Evidence/readiness documentation,"Record evidence maturity, residual risks and the exact change/discovery map required by the master prompt.",,ac55669180df5fd8ed6b05cea7c3f75a2146efe53c418b3193c7c0fcd3e533db,0,880
ADDED,docs/evidence/30-residual-risk-register.md,Evidence/readiness documentation,"Record evidence maturity, residual risks and the exact change/discovery map required by the master prompt.",,28777121e69b8e3cd3726516dbd7cda5891998c38b712dbf449343bf82bb3269,0,870
ADDED,frontend/.env.production.example,Production environment contract,Add documented production configuration templates without secrets so hosting/release gates can validate environment separation.,,acc51b6390e9324a6a81e0adc8268751cfdf895e14fbf48af95879d46281bb60,0,661
ADDED,reports/esm-cjs-audit-2026-10-02.json,Generated verification report,Persist the latest gate result for repeatable release evidence.,,4df092d93d42b180013d044714f3fe383538bd0c3d6fa4217ef89bb86068904e,0,361639
ADDED,reports/evidence/golden-money-path-proof.json,Generated verification report,Persist the latest gate result for repeatable release evidence.,,eda5e475a59219970cf88725471be2df344484265884a77809312bc9bf7fd515,0,1315
ADDED,reports/official-theme-audit-2026-09-30.json,Generated verification report,Persist the latest gate result for repeatable release evidence.,,4c95f4dd09b610ab6e73426fdd657d88458ce3b26d06a60a9c9f2e65f3a65996,0,2471
ADDED,reports/release-readiness.json,Generated verification report,Persist the latest gate result for repeatable release evidence.,,c2c91772361bd87bbb166123d362e2dc6e93bb484fb2f62243d2a2091cc314b1,0,2065
ADDED,reports/runtime-import-audit.json,Generated verification report,Persist the latest gate result for repeatable release evidence.,,97f94486c09ff985fa4f407aa8c169a6acb89c7d08c44dbaaa78960fdb393b47,0,51960
ADDED,reports/security-static-gate.json,Generated verification report,Persist the latest gate result for repeatable release evidence.,,8d9eaa4417a2af5761b6586496477b67eab95dd06f1169838292543548a42488,0,367
ADDED,reports/titech-90-day-readiness.json,Generated verification report,Persist the latest gate result for repeatable release evidence.,,660a26ce1d39c0fee9050c50d85169038e804149625c71e7f7396cfaf481cb05,0,1911
ADDED,reports/titech-enterprise-readiness-2026-10-02.json,Generated verification report,Persist the latest gate result for repeatable release evidence.,,d3957f811b7f0592810944e96da989945e9d0911b0fda8887a587cffdb975242,0,2720
ADDED,reports/titech-hosting-gate.json,Generated verification report,Persist the latest gate result for repeatable release evidence.,,ad88bc8471fe476becd752f76b227a4ae5b54f1942b1b9b100f5429130043b55,0,903
ADDED,reports/titech-implementation-gate-2026-10-02.json,Generated verification report,Persist the latest gate result for repeatable release evidence.,,51c14f160a90a00ceb485e6c7dbfce2b59ce629de9c3158e13221ddd5b23bcfd,0,387
ADDED,scripts/titech-implementation-gate.mjs,Release gate/tooling,Make the canonical implementation/theme boundary executable and included in the root check sequence.,,554d22cb2fdcf56bb81c27f36e5e2a18e4754a99539b289d2f00b54ea4ea273b,0,2692
MODIFIED,README.md,Repository discoverability,Expose the current evidence-backed readiness state and key remediation documentation from the repository root.,ded84e9ac6ea83268ac67ded06e60f8700b92a4cbd0e8c39ff4d8180f8bedfec,0fc6dc38745108ba4df0d2414a408ff2a3b0f85d1116982d20c8cbfecf4ea91c,38086,38816
MODIFIED,backend/bootstrap/ApplicationBootstrap.js,P0 runtime/bootstrap consolidation,Remove duplicate lifecycle surface and enforce canonical ESM bootstrap boundaries without fabricating business logic.,6470b4acf42b51c49c2957f554ceb251250756146513ac0595a44483ff5bac62,0d85f0a7a0711b17866624373c53ca93d59468a1f1e5ee4b1ca25c72a58d7e5a,86039,85648
MODIFIED,backend/bootstrap/app.js,P0 runtime/bootstrap consolidation,Remove duplicate lifecycle surface and enforce canonical ESM bootstrap boundaries without fabricating business logic.,7ffbac18faf502c916411910438ac70d8f571ef22638e99159c4efe9348eee1d,dfd6467dca87144a4da5525a79fcd11aade245824f5734cfd23891f687b1ceb4,82416,677
MODIFIED,backend/bootstrap/infrastructure/index.js,P0 runtime/bootstrap consolidation,Remove duplicate lifecycle surface and enforce canonical ESM bootstrap boundaries without fabricating business logic.,fec7dc2514c1b8574c624bcbba7dccab18efba0ef3babdc44f48bf74f5de9089,34fa18e6d59cf3e196f659e0ba4f1a9bfd2f7b71d734144d6f5464f6544eba1e,40737,40977
MODIFIED,backend/bootstrap/server.js,P0 runtime/bootstrap consolidation,Remove duplicate lifecycle surface and enforce canonical ESM bootstrap boundaries without fabricating business logic.,8328e8fb0ee3089dcb37911ed267d391440f8cd99c2e0a01f8325953c07e33f6,bf1d6b37216a6cc63be9448ae3f47f142c72c2273434119122d884ab9a44c3c2,65765,66500
MODIFIED,backend/bootstrap/servicesContext.js,P0 runtime/bootstrap consolidation,Remove duplicate lifecycle surface and enforce canonical ESM bootstrap boundaries without fabricating business logic.,fc84acd4d89dfd0a821f5b833511696d1d0b5d84c78d8f6a169ab2280beb9d62,fa4300a3f20a6ff6c7a6761d73430afa23262983cec0bf972f615f76f6865464,52918,53596
MODIFIED,docs/evidence/README.md,Evidence/readiness documentation,"Record evidence maturity, residual risks and the exact change/discovery map required by the master prompt.",3676e66bc0f5bd4a5fe64df828011c6973714a9da90f8ee00203e31f57dfcb58,0da16d7643a8fabb0dd7a252c3f1a7e0ba568f9f31c6b98475db1e62723929fd,336,2187
MODIFIED,frontend/index.html,Official TITech theme harmonization,Apply the nine-color official TITech palette through shared semantic variables while preserving semantic state colors.,82863574fb6e620971392e6942cb67fba8f7491ceb54425a6354ae0a73b01ebc,f741e51cf014fc587e78816be93d8be2c6bd62b949db20f621799b1cc8cae066,5860,5860
MODIFIED,frontend/src/branding/brand.css,Official TITech theme harmonization,Apply the nine-color official TITech palette through shared semantic variables while preserving semantic state colors.,b32bc867a47affd62613c79e36d4cd171a2160aedead74e0f964b4c3ea46b559,4656550dbcc69b72191f7081ee2231e7dba79a208d6f597770ad6b8397f1ac06,6907,7383
MODIFIED,frontend/src/branding/official-theme.css,Official TITech theme harmonization,Apply the nine-color official TITech palette through shared semantic variables while preserving semantic state colors.,b5aaccba9f213566e47cfbb10f27adde4e5cd70f86afedcd0f85f235d8a08a0c,d4b14ac88efa1f7f811ccf813f3a32c8e3fc96ce5f3c85ae382c26a5077f7803,12489,14982
MODIFIED,frontend/src/components/ChartCard.css,Official TITech theme harmonization,Apply the nine-color official TITech palette through shared semantic variables while preserving semantic state colors.,0694bb8ea185d94929583b97e27d03198f0b9fdc9052af7013c936134065f5d9,473e41bebe688f42fd875205c429fdf6a2f1b6393a237e302ad090b67a00f02c,29814,30076
MODIFIED,frontend/src/components/DashboardSkeleton.css,Official TITech theme harmonization,Apply the nine-color official TITech palette through shared semantic variables while preserving semantic state colors.,1f9b67996fe5052824cb22d5c8dd2b1364c3f48c06869413a5468fef1bff15ad,03815beeb51000e4b7e0dcacae9eb4e506142a40a2b6d894036073e61e8b4a4a,32254,32523
MODIFIED,frontend/src/components/EmptyState.css,Official TITech theme harmonization,Apply the nine-color official TITech palette through shared semantic variables while preserving semantic state colors.,1ae0f01067755a7038de391088f01e4516fb83e2ac652767ff1c56313a84cc72,c12d5e5abbf07c3d22a08f4d45791cb19f770649da97d07a11e2a4d47c6c67bf,24732,24994
MODIFIED,frontend/src/components/ErrorState.css,Official TITech theme harmonization,Apply the nine-color official TITech palette through shared semantic variables while preserving semantic state colors.,7b805c782f76741a2da05292839a2b48d55f1afd497586a07d1b50b1584f61a8,00faacb5d23f2e937d540d656958a4c48ffe2a8086cd65068bc6567d787fc20f,30092,30382
MODIFIED,frontend/src/components/FAQ.css,Official TITech theme harmonization,Apply the nine-color official TITech palette through shared semantic variables while preserving semantic state colors.,b618bc9173c25cd629b3cc88036f0f1db5aa64d7b85c349a60bca6614a0d53ea,7493f328d1c5443dc7122b427ec6df8728e903647c8c19ffa068d3e9c388e171,26849,27155
MODIFIED,frontend/src/components/Footer.css,Official TITech theme harmonization,Apply the nine-color official TITech palette through shared semantic variables while preserving semantic state colors.,853ea8f75c6ad5173e4472524ca00c6ecb590a889ba667314d4ec9cfe40ff328,feda9a35edc5e02415583565106fddd8f0e8f98d09dc5c35aa5308cc0723d605,18623,18733
MODIFIED,frontend/src/components/Forum.css,Official TITech theme harmonization,Apply the nine-color official TITech palette through shared semantic variables while preserving semantic state colors.,c9347b7b3506efc245acfe05f2d47c2e1f4aa2bcd356a988fa106e5094c2df98,5f068236d7ad23e5e878c1d54fb6b024168bdaa16e85256cf3125439b7d26802,41183,41919
MODIFIED,frontend/src/components/GroupCard.css,Official TITech theme harmonization,Apply the nine-color official TITech palette through shared semantic variables while preserving semantic state colors.,8a1fabec7a432d88d9654d5d6d022ffe65211a55f033319254b00cdade225840,a86e0f7ff324cd96e7618b4201aacc8fd152cf60e885e841a77342dba5f3d6f9,20407,20833
MODIFIED,frontend/src/components/HelpCenter.css,Official TITech theme harmonization,Apply the nine-color official TITech palette through shared semantic variables while preserving semantic state colors.,f7cef26671efe7bb83ace4f9d277765034ed25e66bd5d96604ea18e9d703debf,53c52200174a2fa6840a7dca8c42a06251b6390e822aa48ca2f63309cf0a93c6,30899,31164
MODIFIED,frontend/src/components/KPIWidget.css,Official TITech theme harmonization,Apply the nine-color official TITech palette through shared semantic variables while preserving semantic state colors.,6a2b43f85c29facdca7738afc79b3235dd102f202723cab8e45efa804b10a07e,168d20a9dad03b93995522f6f628a7f52a2c0000e61af48db0f2074fcc8dcd32,25201,25958
MODIFIED,frontend/src/components/LegalDocuments.css,Official TITech theme harmonization,Apply the nine-color official TITech palette through shared semantic variables while preserving semantic state colors.,96a93b1c7fb0b59b6dd5c2ac25bc038f5c19285b4175e6f4fe49211e7fb81007,b387f26b11bf8d153f0b8a6060de81767dc705282136680af1b4357d9c545bee,30321,30896
MODIFIED,frontend/src/components/MobileMoneyPayment.css,Official TITech theme harmonization,Apply the nine-color official TITech palette through shared semantic variables while preserving semantic state colors.,912e791a5ca794e96469b7c2fa3eeb239d1a891042903b78789beb2586c58f2e,51cc1fe02361377e0990022f8b3b9cbdc9acb4651ef0c855b40eaf815b89bf55,23654,24233
MODIFIED,frontend/src/components/chat/composer.css,Official TITech theme harmonization,Apply the nine-color official TITech palette through shared semantic variables while preserving semantic state colors.,17edac43766e2eba27711cca92c32f51ff7563e220ea31d4909140334f776a3a,dc4db660fd9f1d1232852312f97c0fab319eed104a04b0093620679a622602e1,33574,34043
MODIFIED,frontend/src/index.css,Official TITech theme harmonization,Apply the nine-color official TITech palette through shared semantic variables while preserving semantic state colors.,3a116ce73090cdcb734bd149e37ba8cf6ac1b37d15d4d82a9aef29225457fb9c,3dbddb16fb86775d50ea5ae258c0e5bee368cf504c582c788f729eb6462079e3,25398,25597
MODIFIED,frontend/src/layouts/AdminLayout.css,Official TITech theme harmonization,Apply the nine-color official TITech palette through shared semantic variables while preserving semantic state colors.,6b6f4fd2344eecb320a38687adcd7245c06c48400a9938243109b646048e914c,56d57b0e89a096bc1dbf533e0ba07b7cb80a5883623021273b238abf501e8862,8565,8796
MODIFIED,frontend/src/pages/AdminDashboard.css,Official TITech theme harmonization,Apply the nine-color official TITech palette through shared semantic variables while preserving semantic state colors.,3773659fcb551c04991690f415399e0a1de2c400e84a87d8f906e35d9bb4665e,f22b28bda1dd93cd1620198fb62684bf5941c2683fe03736023eabe8ff95e3eb,23667,23914
MODIFIED,frontend/src/pages/AdminRiskDashboard.css,Official TITech theme harmonization,Apply the nine-color official TITech palette through shared semantic variables while preserving semantic state colors.,10cd0ffb6d06ab6d9da46874442f233edfdef026a24b4dcef124d9f5e313cad6,e2ece40341ebe9fb216bfe023bc0f0769273d94e35b177ef9bfc801048c34677,16067,16268
MODIFIED,frontend/src/pages/CreateGroup.css,Official TITech theme harmonization,Apply the nine-color official TITech palette through shared semantic variables while preserving semantic state colors.,41b07ed327f5a9a1e89f8a71f90c798e0297a0fcfb6c461fdfd685772130adb5,733348119d3f9fdae2d992a3897b861f75ea548beb5ced14e5c6c9b58fe981cd,30045,30247
MODIFIED,frontend/src/pages/CreateGroupV2.css,Official TITech theme harmonization,Apply the nine-color official TITech palette through shared semantic variables while preserving semantic state colors.,13c24d8ebfaaf63aee7289d1141b27656422b07a0351e04b43b326394b697f9d,500a41c55c35f752924a133b189137430f16bf44db655278b75e29aa810d0d76,28841,29071
MODIFIED,frontend/src/pages/Dashboard.css,Official TITech theme harmonization,Apply the nine-color official TITech palette through shared semantic variables while preserving semantic state colors.,1ae3bff5a7717a4a06727a02cef4f259f8782b2cfbd9d63d8de90544c4f13f4c,7f7c81c7b9b2d7ee4b01199e0dcfd444a832c52b36a041481d79d57ef8f5a459,21557,22106
MODIFIED,frontend/src/pages/ForgotPassword.css,Official TITech theme harmonization,Apply the nine-color official TITech palette through shared semantic variables while preserving semantic state colors.,8f841ff089be722b363b088cbf38b8fc1fe4349944c777c8e29840f5a2eb9fd3,64441a069299f94a7a746dc10f5422fb7aa7d783015cb0d6fcddebcfc8494777,18424,18838
MODIFIED,frontend/src/pages/FraudMonitor.css,Official TITech theme harmonization,Apply the nine-color official TITech palette through shared semantic variables while preserving semantic state colors.,9c21a7ab381879fc410b8ede42d90f1f172bcd2558cb72853459a7a33bbcd597,2dcc2aec48c8bd8a624dd5128a1e723de02311f49838b9511c6994fb9fbc3b34,16284,16533
MODIFIED,frontend/src/pages/Legal.css,Official TITech theme harmonization,Apply the nine-color official TITech palette through shared semantic variables while preserving semantic state colors.,7b7bfa6b2cf2d2e23e6764f0fb1ca776f149daa2d0f5f94dfac8f69be0ae26e3,e6ee3887e4ef1d7dd7ebb0d015fc5d2de40ac10c6055c9e7048b9ad842aaa367,62321,63284
MODIFIED,frontend/src/pages/LegalPages.css,Official TITech theme harmonization,Apply the nine-color official TITech palette through shared semantic variables while preserving semantic state colors.,68071396c192d47eb2743ed56afe5d370619cb4f8a4e6c107651d7407fa43bf1,2b0a3b64c2a8ac538139d3db5d68f6f91b096b45a618d5c034613ddeebf5bb0c,52448,52979
MODIFIED,frontend/src/pages/Login.css,Official TITech theme harmonization,Apply the nine-color official TITech palette through shared semantic variables while preserving semantic state colors.,d40b81b0f8cb05c847a64de96695958b513220d61ca007a92368f4a6805dc569,f304a324e39018815a74c8d5e4dddd868ce24f0b9c9a995a621763cd3eeb503b,32246,32743
MODIFIED,frontend/src/pages/Logout.css,Official TITech theme harmonization,Apply the nine-color official TITech palette through shared semantic variables while preserving semantic state colors.,bd3b866e6d3cd2b65628a8af18f2b8ef43d93fd03475f3a4f7bdfccddfbc8515,6dba035a9da69dba48514c959219ca11f5eafefd559a7aad4afc2329afd38dcf,23354,23970
MODIFIED,frontend/src/pages/NotFound.css,Official TITech theme harmonization,Apply the nine-color official TITech palette through shared semantic variables while preserving semantic state colors.,2f10175988ecd6292f7f7e87561715833173f79b5d48ac73476d26e718374ddc,bc4ce6f08c61434e42a2c0f2a61977c1f14b50540bbd174ce76b57a2bcb8ef50,1251,1333
MODIFIED,frontend/src/pages/Register.css,Official TITech theme harmonization,Apply the nine-color official TITech palette through shared semantic variables while preserving semantic state colors.,47664ed7d8ea9982885eb1aef4c82394d8b0c44b408403b2fcc7d1e831b26ab2,58e285d38e9c3e645422998eb2d95ca779800bb8f6825a1feba76f7f2325191b,24893,25264
MODIFIED,frontend/src/pages/Reports.css,Official TITech theme harmonization,Apply the nine-color official TITech palette through shared semantic variables while preserving semantic state colors.,c9b435b7d7f8cbc5394c1d178c230eec91ac5535319e75f2b5aa8cc89aa55e7c,bbb878120143cc8e91a484219d2d4edd9287cda14541a8db084e2047592798bb,40278,40643
MODIFIED,frontend/src/pages/ResetPassword.css,Official TITech theme harmonization,Apply the nine-color official TITech palette through shared semantic variables while preserving semantic state colors.,5543b7976120d9010b28a521feb18b7425afb5d46b5448f60cf71d1971ccde0e,8f12dd9a7695cec9ea4e3c50e10620c4d90b1e6fa34c19e6b9416a8271f2cae6,28026,28589
MODIFIED,frontend/src/pages/Savings.css,Official TITech theme harmonization,Apply the nine-color official TITech palette through shared semantic variables while preserving semantic state colors.,d1c6f6746183295af04072b31474a6302f5261a33d3d49d60861320d1a4cff46,983f57abfd02ef68bb3447d9f814218cc6557d0b2cb6cef1b240f908ed196f7b,31800,32261
MODIFIED,frontend/src/pages/Settings.css,Official TITech theme harmonization,Apply the nine-color official TITech palette through shared semantic variables while preserving semantic state colors.,d0d9b43782ad730bc3cad5d96a2eba8f32b68d4a3c8d70b8604057bc60e8270a,f3aa67df9378476b2a12a3574b104a887306d50802bb6bcce1d664a86a0b7247,43772,44100
MODIFIED,frontend/src/pages/TITechChat.css,Official TITech theme harmonization,Apply the nine-color official TITech palette through shared semantic variables while preserving semantic state colors.,b3dcd2dac40d754783464dda7b1a91e5c92f60465172b1a51d9a6094346f2b5e,be76b7fbbc530afd6954cc23f27432fb8122af7e69824f9a963a91be2d8e5bc4,41364,42113
MODIFIED,frontend/src/pages/TITechChat/ChatHome.css,Official TITech theme harmonization,Apply the nine-color official TITech palette through shared semantic variables while preserving semantic state colors.,b1fd95f45e417b8f07acd6190e566d52378aefddc94234ba801d1f740363e4ed,93a2db8409f5c992749618b2d408c8cb0a7fb534a1153aa5cb229724cc9e7b43,48813,49194
MODIFIED,frontend/src/pages/TITechChat/LoanThreads.css,Official TITech theme harmonization,Apply the nine-color official TITech palette through shared semantic variables while preserving semantic state colors.,977f7b997d0728f9221fd5c8ffc0bab163991e68100c44832bc618d793398a10,7e1d16b781bcf496b5b1f3fa21321112caa60137c37ca2ce6eb2489c8964dd23,37264,37298
MODIFIED,frontend/src/pages/TITechChat/SavingsThreads.css,Official TITech theme harmonization,Apply the nine-color official TITech palette through shared semantic variables while preserving semantic state colors.,adf298435ef932823dcd34d1faccfa8d9a8abe1a53bba1a11c77eada4d48b726,0605ce801b5748653152ead93b2d58033a50f7abb85dc5836854dc1b8aaa8351,38971,39320
MODIFIED,frontend/src/pages/TITechChat/SupportThreads.css,Official TITech theme harmonization,Apply the nine-color official TITech palette through shared semantic variables while preserving semantic state colors.,f31ebcb063b752997526a52dbd88a7ce9c154754a5ceca3f0e42353ecd5927e3,b4109095f8af2a0f6d125759ff14e99b532c9b91377d9dc062305c25845ff7b0,39147,39346
MODIFIED,frontend/src/pages/Transactions.css,Official TITech theme harmonization,Apply the nine-color official TITech palette through shared semantic variables while preserving semantic state colors.,c04a361c2d9fd730cf8d543d6af3b3d5337dffe0e449dd1b906793531d1dee4e,7d9f4c1a774f4d88a5684e26db9bd51b4ae448f0e3144b5428fef84c54ad3372,35858,36560
MODIFIED,frontend/src/pages/dashboard/AdminDashboard.css,Official TITech theme harmonization,Apply the nine-color official TITech palette through shared semantic variables while preserving semantic state colors.,9d501cb5ac8756c4932992d4fe7de131c1259777e7231b648d69b9fe34203338,bb2890c5430d287e6a671e7bb6ac8c0a7d536f40ba2b6fe35df663ac94389ea6,19445,19734
MODIFIED,frontend/src/pages/dashboard/DashboardStats.css,Official TITech theme harmonization,Apply the nine-color official TITech palette through shared semantic variables while preserving semantic state colors.,90a8a8bb4cbbb1136c3a617c5134c9e649109f92f392432ad5cb6d8f7bc01804,d946819ad240774fbff47234f3b5974e57cd58802acec04dd8408a7226a457c9,18779,19043
MODIFIED,frontend/src/pages/dashboard/DashboardWidgets.css,Official TITech theme harmonization,Apply the nine-color official TITech palette through shared semantic variables while preserving semantic state colors.,94f377706f7ef67a59141cb194e3c7720bdeb524a28eeefdb1524328dc1eb9ac,28dc6fbd48af78cd6455f7d32dea58f6b61b6a4b69bcc8cfa3089fd6a0de5bf7,16053,16340
MODIFIED,frontend/src/pages/dashboard/ExecutiveDashboard.css,Official TITech theme harmonization,Apply the nine-color official TITech palette through shared semantic variables while preserving semantic state colors.,6d1875d224756711903f8884295c21069050222b67878beaf089c37dacb0eeac,191b499c339da68d6bfb95ec6339c2e1f78196cabec6005785c9ae799ee216e0,23927,24286
MODIFIED,frontend/src/pages/dashboard/GroupList.css,Official TITech theme harmonization,Apply the nine-color official TITech palette through shared semantic variables while preserving semantic state colors.,dae6774cf9173b96246e6c9b11eeda87392c91d5750fd652942bf3e60c5d3cac,f041dd02d562816a45461c4b70142fece11ac2a03f433949bea9fc3a8386851c,18039,18369
MODIFIED,frontend/src/pages/dashboard/NotificationsPanel.css,Official TITech theme harmonization,Apply the nine-color official TITech palette through shared semantic variables while preserving semantic state colors.,cdb461895ea13cd7fba2e2896f8cd0365694ca4014ddd7139a30cf5501cec83a,de85597a3a24b07d00bec2903f114d225f6d3c7fc107752df53bd7c1da002f79,18369,18673
MODIFIED,frontend/src/pages/dashboard/SystemHealth.css,Official TITech theme harmonization,Apply the nine-color official TITech palette through shared semantic variables while preserving semantic state colors.,2a4233a6f182f1ba6d18a5ecf1baf239b1671bcc1378485019b2b241cf7150a2,ef362e1f8f8e77e530585f2ea695686c05a323b665d168619237584265612af9,20445,20709
MODIFIED,frontend/src/pages/onboarding/KYCVerification.css,Official TITech theme harmonization,Apply the nine-color official TITech palette through shared semantic variables while preserving semantic state colors.,9423e8a3d37b3538b3fe6cad4700f5fcd8a8a0d9b7e9b03083e18aa08c0121ce,b0757792f1fd231b67d45e7b63548995aa81d7f0d496d4abc2b1346e02c4cc01,9185,9396
MODIFIED,frontend/src/pages/onboarding/SaccoRegistration.css,Official TITech theme harmonization,Apply the nine-color official TITech palette through shared semantic variables while preserving semantic state colors.,b3e57ca56fc7b05680b9e529d891a425ac3ff877a27f0b765ab1ea04077acd85,3c687e5bff0678b7eca8a56a6c6a3150f0ccb12e7ff03dd1c40ee91acc219636,9432,9619
MODIFIED,frontend/src/styles/adminDashboard.css,Official TITech theme harmonization,Apply the nine-color official TITech palette through shared semantic variables while preserving semantic state colors.,c80c23e2927be66d73afd86e1ec7129b97226206e8b2b4f53d1cc71a9c890f77,9023aa67753bed4a9354c1e4064a63d0a4356be6d585a18c784b781d507de331,10367,10686
MODIFIED,frontend/src/styles/groupList.css,Official TITech theme harmonization,Apply the nine-color official TITech palette through shared semantic variables while preserving semantic state colors.,48e8be35bc0d4c9c55a64863fb4575f441dac5572d5cc47970ae5c1bce39c98f,fa26d1ac6074d947b5efdc93f92c9c1473219e7e81195c078d432d5242c15ad3,889,908
MODIFIED,frontend/src/styles/register.css,Official TITech theme harmonization,Apply the nine-color official TITech palette through shared semantic variables while preserving semantic state colors.,53699d91f39d969a9d8ed1ce322c030fb9139a5cd6452933c30030f06cff70aa,1c815ea9578c48391f706c56e241d91bcf71e00a93950901b2e438bd261abd9e,788,826
MODIFIED,package.json,Release gate/tooling,Make the canonical implementation/theme boundary executable and included in the root check sequence.,c43a716c232540dd39d1c2302ce76565873da3a6d7d41df1c37e2a383019b362,96d3721aa6cb27984d228b31a4befa1470966b2d56c7076f31e8efca09224137,6715,6837
MODIFIED,scripts/esm-cjs-audit.mjs,Audit correctness,Strip comments before ESM/CJS classification so audit results distinguish executable seams from documentation text.,d23575e3419fee2df5d7981f3010d0537c92b2ae4dbc8518f6987877fb3371f4,cadb2231d006b7a8919acfe650e4b19ec4e37b4cc20b3614e867d1001d332045,5132,5537
