status,path,original_bytes,updated_bytes,original_sha256,updated_sha256
ADDED,backend/.env.production.example,0,2355,,98984c28ce0403dca0038833de7ce2714b67356dedbcd296201f8fd6ce21adc0
MODIFIED,backend/bootstrap/context/BootstrapContext.js,54841,55057,39064e01625af600963c647bf3e78c936872083edcaf00aba149ee47b9edf4a5,83c2673fcfd1ae57d094e1f8f9e29bb3aeaa597447c1f5694ee201032baa1bd3
MODIFIED,backend/bootstrap/lifecycle/phaseRunner.js,16942,17016,1f77470d5a51bda869587b75df219108b21340bb386cc678e0d10d1327b5e247,222232a82ba47d5a5899874cf99bb3a28c6feb48d757e9f24eb2e0eaf20917c6
ADDED,backend/models/Notification.js,0,1924,,82ca9dc48cb6684ec02cc90a071f5f3405da81e0aa4f4f16d9dbd163d8c1dfe5
MODIFIED,backend/modules/agriculture/domain/agriculture.domain.js,8339,8562,425b720065db85f6edce63b4e93de23113c11abaf6d791c0c97cb9fc88f3be42,2dd224d9fe44089d4b5d1bab1110165aef1b5e43dac9c01e2bda25afc225c3cb
ADDED,backend/repositories/notification.repository.js,0,4253,,d1382b994e359f80f650724a1dc412f81be39bf3dd052ecc94124522e258834d
MODIFIED,backend/routes/index.js,41805,41990,5563bd3e0891690b95ec6166c0cb25078093d42875d30a9b4d5ed162c3d743b8,c22f5ef8660ecac4e8613a7dd10c96c34b63aba315a38fb7b30d14c29855adb1
ADDED,backend/routes/notifications.js,0,3502,,06d99e49d11f4a0692072556c0f3f921ff0c1c888b384dfa5d4a97360499b897
DELETED,backend/tests/bootstrap/BootstrapContext.test.cjs,24411,0,785ac4116caa7fe73c4b85fed37ff7478fa10255986c8430f02a6da47f445bfc,
MODIFIED,backend/tests/bootstrap/BootstrapContext.test.js,24411,24976,785ac4116caa7fe73c4b85fed37ff7478fa10255986c8430f02a6da47f445bfc,2963359ee1a65427dac59704d4b5e61fe7aa931963fc3b5ed99da1f0d500deac
MODIFIED,backend/tests/bootstrap/bootstrap-seam-regression.test.mjs,2674,2097,be2a2c85fec0b94983639916db0e843a69728ba6efe84c957da8d7a0bf73a943,dcd7e152dbb87c06d756f4bed410a70f1da91c1a03c36feabc4e4a93701bb8b1
MODIFIED,backend/tests/bootstrap/bootstrap.smoke.test.js,22305,22729,d816d45cef228d4d0d2d5467ea09b7fcfdcaadbcfcd29e61f22b59283a9199e4,33fb95742b6dad731cd16fb5a9ed832bdbabe41c21ea89f93519e6f5a94920bc
MODIFIED,backend/tests/bootstrap/environment.test.js,0,1763,e3b0c44298fc1c149afbf4c8996fb92427ae41e4649b934ca495991b7852b855,136a7fbd06a72e5f0ba96523eaccb0a68734f54df9de2bea7bed2dddbd599e08
DELETED,backend/tests/bootstrap/phaseRunner.test.cjs,22395,0,3db5413ce28b277afb4c0c90c695c44c13ef06021db8c47142b33a6531b47447,
MODIFIED,backend/tests/bootstrap/phaseRunner.test.js,22395,22394,3db5413ce28b277afb4c0c90c695c44c13ef06021db8c47142b33a6531b47447,3c0826c092ec19de9766ecfc63d31f7c7bdf16dc70d526ac19732178ca194598
MODIFIED,backend/tests/unit/agriculture/agriculture.domain.test.js,2420,3772,9952209a3ebfeb17b49231bb9a8ef20846b3822777f287f3d974a967f5baad37,95b00701d23ae77e00b13d52a886da7034c6a5d5499e0f85627da85ddc23a12a
ADDED,docs/REPOSITORY_TRUTH_INVENTORY_2026-10-05.md,0,2071,,a9c6bcb0a57019bc8b6d0ff2e92a9d360301913f1b2b6ffb0c16aa47bde2a6f6
ADDED,docs/brand/TITECH_PLATFORM_THEME_IMPLEMENTATION_2026-10-05.md,0,1601,,19fed3e11d71b126096ccd59ac3e97da36264203ab4f3f4ce35dcd15b9e22728
ADDED,docs/evidence/2026-10-05-runtime-auth-browser-remediation.md,0,7944,,76ed094531a416fbe5145ef73ec924c1fabb42e89b3aa9651ca5340d900ae59a
ADDED,docs/evidence/2026-10-05-runtime-auth-file-change-index.csv,0,17571,,3b6c442e731977e93791af067819126a9b20d9b6221d933c8baef82e19cfa731
ADDED,docs/evidence/2026-10-05-source-change-discovery.md,0,3945,,bd8807fafa63b188509c172b4545d0515159b642ad6e1c385fffb8467a3dd472
ADDED,docs/evidence/2026-10-05-source-change-index.csv,0,13475,,796c7ef8489fb13535ae84c7e0311dce4a8e71b5b10a7b0526443c8cc4393d50
MODIFIED,docs/evidence/FINAL-IMPLEMENTATION-REPORT.md,6892,11918,c2ee0c2a6e1598b468799d9f7f0b68f7c51f05e4f31cbd5759f19257eb7529e3,ea3a6f95d84a6d7488b4e1185d160c34eadfdb678eb11a29471ade6c97913c02
ADDED,docs/evidence/legacy-runtime-debt-2026-10-05.md,0,21637,,7861b101dcedb736f66680efa3b9f3ced70eb6cd89bea7be8b119030b76b1517
MODIFIED,docs/evidence/platform-truth.json,44245,22580,e873b6651ad71e9e5ccdd5bae552d01fbdb5ee83cdd35e86f148c0267796388a,0fba916b67ef8a5e594e2a9c5c9ae8b3f04a03e4d737c44473f56335ff227dd1
MODIFIED,docs/evidence/production-readiness.md,1579,2305,8c7b4e876c69303c96acba917930e92698ea77b5aa7ade4f1ba40bd839ce5949,dd129bcbe87e675aa754c10603f581a1be0cd048426084d9b6aa60dfc1672d4f
ADDED,frontend/.env.example,0,442,,d1c44ef969a90fca5994caa5ab2cc5af52d12fa2f60bd68f795a26451584115f
ADDED,frontend/.env.production.example,0,708,,e77f7ee0005f90ed85f2ff89084cecce6a54f6237b2439cd96f5ecad71d62549
MODIFIED,frontend/src/App.jsx,19051,18990,270b3ac22531be97436fb404fca1e8310023d7bacfa59d986ef2e63ed0855b42,fd6f20e97d1d54fd5921257283c1742fc99ba373fa75f1f1a2972ec990ac77f2
MODIFIED,frontend/src/app/providers.jsx,14075,15707,019138e89f43bfbdd36c2365d0a61a8eaf51880395a28d640ffb67702c22b431,09274996b91bb50474fd705c5b2914475a89b78ac6ae5a7f3f5397a075fda446
MODIFIED,frontend/src/branding/__tests__/theme.test.js,3308,3890,433cd9435ba2cbff6e1d4e98fdc359633500196f338c4b79a1a937a124e26b77,1074ad24ccb4e22c6821f5df1d0649601f4d2134b82d3d4a925933a674430fea
MODIFIED,frontend/src/branding/theme.js,4741,5146,1892a8c7da2a5b758c90b407903147e44c3b10c6e48e2f4568a54f6527199dd8,1fe6be8b1490bbb3ad26fc8daa38d5e1beb2ecdf3c5f378dece7726e7a265e4d
MODIFIED,frontend/src/components/ChartCard.css,30076,30120,473e41bebe688f42fd875205c429fdf6a2f1b6393a237e302ad090b67a00f02c,e70ee7ce4484283c5b3c3960d973756a27522a1443173cdbae57e5e98beda60e
MODIFIED,frontend/src/components/DashboardSkeleton.css,32523,32671,03815beeb51000e4b7e0dcacae9eb4e506142a40a2b6d894036073e61e8b4a4a,4183464148b258834738753209a947b8c78c849d186541c19cce307cd11de461
MODIFIED,frontend/src/components/EmptyState.css,24994,25078,c12d5e5abbf07c3d22a08f4d45791cb19f770649da97d07a11e2a4d47c6c67bf,909dd4b0d7b3db4c7b39e7c698b6240a0c51d68326585542e6cfd8f2286716d8
MODIFIED,frontend/src/components/ErrorState.css,30382,30462,00faacb5d23f2e937d540d656958a4c48ffe2a8086cd65068bc6567d787fc20f,5e0652904502e6351a6d8a097f24d0085e9ca6aac66eaf3d771f46ca84d4206a
MODIFIED,frontend/src/components/FAQ.css,27155,27316,7493f328d1c5443dc7122b427ec6df8728e903647c8c19ffa068d3e9c388e171,38cd44edf0e5bd9dc03c14a0c1f7ba7435253813ee2f9b3ea958079f85638370
MODIFIED,frontend/src/components/Footer.css,18733,18769,feda9a35edc5e02415583565106fddd8f0e8f98d09dc5c35aa5308cc0723d605,13d3273ce5c7ab579ac7311c2141812c55355f6c2b30d6b3531fdad07b2c586f
MODIFIED,frontend/src/components/Forum.css,41919,42111,5f068236d7ad23e5e878c1d54fb6b024168bdaa16e85256cf3125439b7d26802,0cbcfd099ada4189c29e5d69adc9c0e30f80ca918acfe6c490676aebc05cd268
MODIFIED,frontend/src/components/GroupCard.css,20833,20869,a86e0f7ff324cd96e7618b4201aacc8fd152cf60e885e841a77342dba5f3d6f9,b7118993893cf3a294d625903163598089d09fc974118cff9d4c11236278ee21
MODIFIED,frontend/src/components/HelpCenter.css,31164,31398,53c52200174a2fa6840a7dca8c42a06251b6390e822aa48ca2f63309cf0a93c6,f2dfc630e5c623acc347e2e88d7a944eb0aa0e058c678828cb05ee21e77c8524
MODIFIED,frontend/src/components/KPIWidget.css,25958,26012,168d20a9dad03b93995522f6f628a7f52a2c0000e61af48db0f2074fcc8dcd32,24df8a15ac6e1b91a32835e7bdc4cec5a3ed702276395272d11ec1bf89f74c9c
MODIFIED,frontend/src/components/LegalDocuments.css,30896,31148,b387f26b11bf8d153f0b8a6060de81767dc705282136680af1b4357d9c545bee,9c794bf9d6716136f861ab05f8efe87ecdbe8a098a4f201b9749d1ea0725832a
MODIFIED,frontend/src/components/MobileMoneyPayment.css,24233,24331,51cc1fe02361377e0990022f8b3b9cbdc9acb4651ef0c855b40eaf815b89bf55,bceb9625055e8c79b7833600fa2476a0cbe02a259eea3511d8c793eb627eecb6
MODIFIED,frontend/src/components/chat/composer.css,34043,34181,dc4db660fd9f1d1232852312f97c0fab319eed104a04b0093620679a622602e1,e5813855814ad62b4d606e5808fce1b5c83d499f34f78a40ade02830fd34ab5d
MODIFIED,frontend/src/components/ui/NotificationProvider.jsx,37382,39704,c7eb5f88f33403596842633d5bc4d6dbea2653cf7231a1916cab5ecff1660dcf,fdbdea39406eabbcff1cd3694eca05781c9688ce092ad208178dcb91a56908e8
MODIFIED,frontend/src/context/AuthContext.jsx,58068,60759,258e23f57938509ac8156d217e4b7e06f5c4a7ca41691736ff292e78f9f16a02,920958138809a76987098d663a17baba5425f383ea72e3a638e2f38158860a88
DELETED,frontend/src/context/AuthProvider.jsx,57759,0,19443ee615a737dab70e243b47af4d22d404b4ce7150598648c952db256adfea,
MODIFIED,frontend/src/index.css,25597,26053,3dbddb16fb86775d50ea5ae258c0e5bee368cf504c582c788f729eb6462079e3,3d6f4c3e29add28054939ad184b1cd7d6c4275f89ad706b7cb7f250e87253279
MODIFIED,frontend/src/layouts/AdminLayout.css,8796,8880,56d57b0e89a096bc1dbf533e0ba07b7cb80a5883623021273b238abf501e8862,1c7b6e06215f1c5290fde6c89695149fbc04d6ffdef0e3e6fc01fb3992b5d945
MODIFIED,frontend/src/main.jsx,26499,26564,6e5140f9ccca2007fb5509e7b48805b87697891451b2c776c435950a4b9b6b35,27281546613cf0e9a33473f275b618155a91cdb18802ade50b452cdb4178f207
MODIFIED,frontend/src/pages/AdminDashboard.css,23914,24034,f22b28bda1dd93cd1620198fb62684bf5941c2683fe03736023eabe8ff95e3eb,e9a68f722b46b9158414dec429605854a8b161313aff3590bacb16bf2cd9eaaf
MODIFIED,frontend/src/pages/AdminRiskDashboard.css,16268,16352,e2ece40341ebe9fb216bfe023bc0f0769273d94e35b177ef9bfc801048c34677,ccf3995cca78c55514785a6e98caef503a0cfb63c220c376fd6c2b33b1d2da95
MODIFIED,frontend/src/pages/CreateGroup.css,30247,30411,733348119d3f9fdae2d992a3897b861f75ea548beb5ced14e5c6c9b58fe981cd,071c3d04e7ffc78f91489dad5ddc19eef7afd020461ccf64f36f5c4b44e23765
MODIFIED,frontend/src/pages/CreateGroupV2.css,29071,29215,500a41c55c35f752924a133b189137430f16bf44db655278b75e29aa810d0d76,e72622d6a9d1d104e6edeefaabcbf93639d22d307e2f854848d33ec18e83cee3
MODIFIED,frontend/src/pages/Dashboard.css,22106,22360,7f7c81c7b9b2d7ee4b01199e0dcfd444a832c52b36a041481d79d57ef8f5a459,500ae7efbcc5cbdf67de1f1b9de6f24b171c184a8af299960f87f71c57ce087f
MODIFIED,frontend/src/pages/ForgotPassword.css,18838,18963,64441a069299f94a7a746dc10f5422fb7aa7d783015cb0d6fcddebcfc8494777,ee4a3f391c6d8a923680fc2aaff93205127de4eaedffb70d4d1d6450fc48b717
MODIFIED,frontend/src/pages/FraudMonitor.css,16533,16635,2dcc2aec48c8bd8a624dd5128a1e723de02311f49838b9511c6994fb9fbc3b34,0fddf17d1c48667a54a121dfca83dbc57eeddb3a52ea5d897514e9f623003973
MODIFIED,frontend/src/pages/Legal.css,63284,63608,e6ee3887e4ef1d7dd7ebb0d015fc5d2de40ac10c6055c9e7048b9ad842aaa367,72d9cefe2883587d5af49169d8379973fdd6d78921bc5364ffb7491fcc63b8c3
MODIFIED,frontend/src/pages/LegalPages.css,52979,53289,2b0a3b64c2a8ac538139d3db5d68f6f91b096b45a618d5c034613ddeebf5bb0c,309139120673216405a27963f326e9bb3a12351a90ade1b0463776c7b0101472
MODIFIED,frontend/src/pages/Login.css,30482,30562,d1eed2026b5eb8c32fb2a64c20d3bedc4199d2ebeded271536df2e790599a496,4d70e6d32855b10218cf4326b6e1d8ce78224db8d100baa2031b7696a1dc0af5
MODIFIED,frontend/src/pages/Logout.css,23970,24144,6dba035a9da69dba48514c959219ca11f5eafefd559a7aad4afc2329afd38dcf,6bb0d146990aff8ed84e8d84bc11cb0a5ac1d7615c18a66691bed88434cd16c6
MODIFIED,frontend/src/pages/Register.css,33065,33239,867b5f1e8d235364837c088eb2356f45dfdb821b03d24b2f1d610d05c9aa6d75,7fe9054a1fef9f2568c5aa8950739dcee0485af724a40272411414dab538b180
MODIFIED,frontend/src/pages/Reports.css,40643,40763,bbb878120143cc8e91a484219d2d4edd9287cda14541a8db084e2047592798bb,70d3e9d6d256907613b93e80e1e752b92e270e4653a9a4bcb1684f61a47c2a18
MODIFIED,frontend/src/pages/ResetPassword.css,28589,28835,8f12dd9a7695cec9ea4e3c50e10620c4d90b1e6fa34c19e6b9416a8271f2cae6,175d1bd7e4387d779f37a933bd89aa9299c0d8ad73640c14b7f8ce0414c1e8d5
MODIFIED,frontend/src/pages/Savings.css,32261,32431,983f57abfd02ef68bb3447d9f814218cc6557d0b2cb6cef1b240f908ed196f7b,510cc639c9bf210452760eeb6ace58b29b46340a91e8d6cd0a0f0e0f08e1a816
MODIFIED,frontend/src/pages/Settings.css,44100,44202,f3aa67df9378476b2a12a3574b104a887306d50802bb6bcce1d664a86a0b7247,2b8c99ebb35fe098ec35fc00c91d210966d89b360c97315e8acc6d8d5ced0656
MODIFIED,frontend/src/pages/TITechChat.css,42113,42491,be76b7fbbc530afd6954cc23f27432fb8122af7e69824f9a963a91be2d8e5bc4,acf706707c67c353a9711768ec7a91d2a77d487773ae5db4408ee29282a6b48b
MODIFIED,frontend/src/pages/TITechChat/ChatHome.css,49194,49302,93a2db8409f5c992749618b2d408c8cb0a7fb534a1153aa5cb229724cc9e7b43,9f0ace215ab4884a23c900cfb1f3279f783fa6b7296d62bcc68718b3f935ec0d
MODIFIED,frontend/src/pages/TITechChat/LoanThreads.css,37298,37442,7e1d16b781bcf496b5b1f3fa21321112caa60137c37ca2ce6eb2489c8964dd23,8d112d5a900522dad5627a8310217f3d5b911db81be6a28e085f973d960f0df5
MODIFIED,frontend/src/pages/TITechChat/SavingsThreads.css,39320,39414,0605ce801b5748653152ead93b2d58033a50f7abb85dc5836854dc1b8aaa8351,0bfd64b59768c55bf69c35da703daed67b06243b28c5bf149fa67d18cd2c619a
MODIFIED,frontend/src/pages/TITechChat/SupportThreads.css,39346,39382,b4109095f8af2a0f6d125759ff14e99b532c9b91377d9dc062305c25845ff7b0,c23c7c53c7a267c82a78a5fb4742100d63de62f2f2c7c9149a5df71bc620b7d1
MODIFIED,frontend/src/pages/Transactions.css,36560,36814,7d9f4c1a774f4d88a5684e26db9bd51b4ae448f0e3144b5428fef84c54ad3372,7722d8fd43fb27e59e56cae3dc0c42cd31fea05ebc6aec89d553b0ebf1cec938
MODIFIED,frontend/src/pages/dashboard/AdminDashboard.css,19734,19818,bb2890c5430d287e6a671e7bb6ac8c0a7d536f40ba2b6fe35df663ac94389ea6,3b53cb33d955be3361d7d55af8fca883d9d18be5e55f546e87a94955f6752a44
MODIFIED,frontend/src/pages/dashboard/DashboardStats.css,19043,19135,d946819ad240774fbff47234f3b5974e57cd58802acec04dd8408a7226a457c9,a0e7a22f913088eaf043c061497d1f4f4b8823d21a84905b58cbe0172f8c4e33
MODIFIED,frontend/src/pages/dashboard/DashboardWidgets.css,16340,16442,28dc6fbd48af78cd6455f7d32dea58f6b61b6a4b69bcc8cfa3089fd6a0de5bf7,77c8038bacdef6fbe00dd2963fcff1f11d96299282b9c06aa9c1e19a5121138c
MODIFIED,frontend/src/pages/dashboard/ExecutiveDashboard.css,24286,24366,191b499c339da68d6bfb95ec6339c2e1f78196cabec6005785c9ae799ee216e0,791428f82f82e4a60742204c876c084c0fe274923a2c5aff6ed53e3516bd7419
MODIFIED,frontend/src/pages/dashboard/GroupList.css,18369,18477,f041dd02d562816a45461c4b70142fece11ac2a03f433949bea9fc3a8386851c,251f951fa5290e5086030c21623e0492922fd2c67e1f276c7d7d7e1cfeb7d897
MODIFIED,frontend/src/pages/dashboard/NotificationsPanel.css,18673,18757,de85597a3a24b07d00bec2903f114d225f6d3c7fc107752df53bd7c1da002f79,2a4a537ba921178fddf60228d1f8235bb29ce8e0065993e704b7dd9119de72ff
MODIFIED,frontend/src/pages/dashboard/SystemHealth.css,20709,20811,ef362e1f8f8e77e530585f2ea695686c05a323b665d168619237584265612af9,eab70e5812ec9f268a123f222de0898f913d992e0ca38fbae7c39cd174d92da5
MODIFIED,frontend/src/pages/onboarding/KYCVerification.css,9396,9462,b0757792f1fd231b67d45e7b63548995aa81d7f0d496d4abc2b1346e02c4cc01,dd5c87a6d1019939f444c821a3be3cd86a7e3257f4875c823ce21a8489118468
MODIFIED,frontend/src/pages/onboarding/SaccoRegistration.css,9619,9685,3c687e5bff0678b7eca8a56a6c6a3150f0ccb12e7ff03dd1c40ee91acc219636,130ca28fae03a3c5339defaddb110e6e9e783b93828be853df9ddd4f69b10a7d
MODIFIED,frontend/src/services/api.js,44278,49919,ae16e301c6c2fb9bf473e11d0cc563a57e200279bb42c25c298701c7d3be71c6,ac66af62a545ca3aa22ff8c3c35c1a01a3223a6e3531b17d4badae773ee185c5
ADDED,frontend/src/services/apiPolicy.test.js,0,2354,,8dafd28901945cbe66c981c89be03c37a3f6e7256494f80ac95182b5bf3d9e4a
ADDED,frontend/src/services/runtimeConnectivity.js,0,5630,,56d1f18fa296e1ab42cf50f49278480eb6c77bf9636d5c86b24979903db58d41
ADDED,frontend/src/services/runtimeConnectivity.test.js,0,2328,,7ebe4afef9b1e8206171c68df8ddb999245fbcc430a9b1fa33fab45a7a37c750
MODIFIED,frontend/src/services/socket.js,9809,9475,64f2af00f1fa4e32292d7d35e5942ab4b923015b347ac7ee79468971e0391341,223e557a95c2512d1304ec91566383ee3ddb5319cfcde5c496f65f334d46718b
MODIFIED,frontend/src/styles/adminDashboard.css,10686,10746,9023aa67753bed4a9354c1e4064a63d0a4356be6d585a18c784b781d507de331,f87d89386f75bf4f024a1d6a46b337cfed67e42755d59ded3eb5ff0feb83261d
MODIFIED,package.json,6894,6962,73cfd96cf03377cb4fca227fbddb52e6fd4c73d57055e5e37147cd60a3482991,cfc796415432c534307f53da8938fa95c94e254da3007d26544851a07e32b504
ADDED,reports/evidence/golden-money-path-proof.json,0,1315,,4f89785c975a39a2c9af1bb0fa37eb5231842309ea13ede5cec595729efa1710
ADDED,reports/official-theme-audit-2026-10-04.json,0,2655,,e9ec1420a29123d91704138ecb00ae742a51e1bca8558b675f4589242bf0d5aa
ADDED,reports/official-theme-audit.json,0,4897,,89668b938cbac72d16cc53afb1f83bafdbe82f9d82e70c167ca3840174292bcc
ADDED,reports/release-readiness.json,0,2551,,ae7307a10b6c9004153726d7b7b7c61d5cb10ac126e1b736aeb0454199bc8d9f
ADDED,reports/repository-completeness.json,0,137091,,1f433973e4551a2ff56a86f6abb14c7cdff6ee383b959282af702ce0ab4e40bd
ADDED,reports/repository-sha256.json,0,373570,,e4b638bfcc0799ef1d247cfeceecf3748367c62a75c3a13c91f863df0c398b0d
ADDED,reports/repository-truth-inventory-2026-10-05.json,0,60250,,de0a58b52cc776c854519f127015a48690e8e2eaabfc30c48ee058b23b9a74ae
ADDED,reports/runtime-auth-browser-audit.json,0,2231,,4ce54d1a7ec676f58a7f5356c65b4b2972a457dd02aefd4be26cfbebee5842a5
ADDED,reports/runtime-import-audit.json,0,33236,,7d32f3ac281a6d505d3f65bee85ec38af59ee4514c31407a6852a7d6d5177afb
ADDED,reports/security-static-gate.json,0,367,,9a95a7c160971e6be74e4f3c013a42e38b611027690b0aa5cd04b348e43efac3
ADDED,reports/test-discovery-audit.json,0,3718,,d8e9578ce7f6297fa0c8b0a1f603e0de34c59465b73544060c76e2149d4e2571
ADDED,reports/titech-brand-gate.json,0,6461,,e55a47b1933a0d211d70375a8cb3f1bd8d28db0b378e8e7e2f7b8d78403eb8b0
ADDED,reports/titech-hosting-gate.json,0,903,,aaaee21a555723abd0530a352ce25bc8046103cf014b4540de77435c02a40b7e
ADDED,reports/titech-implementation-gate-2026-10-02.json,0,387,,687dc8a974f4e4a808bfb696a619b90d2706d21b2e7a4acb66990f32c851cd84
MODIFIED,scripts/official-theme-audit.mjs,7260,11359,f4238249b1014d2e95db0024f4f186526e59039d48b5fddde9bf9d8fe7b2c156,6cb8f4f103c742e400b5e63ef46c5b24205abcbf1253361f55bb0ddecddeb119
MODIFIED,scripts/platform-truth.mjs,6794,10781,ab6256237a3b6c26a25ee99ae1317e1a1818d0a2f0ab1c10e9edf77d8d1c0dc8,3670950272b1bd4e08bacc3fab9a88aa391aa90a8de02b39dd2efaa0e3358ba5
MODIFIED,scripts/release-readiness-gate.mjs,12887,13851,a583fa7aef0471a854fdb9120c0508c1a676cd8410a1ac7ce481b79ec493fc3e,79cc7371b231fe1b23d88f507e63e85b5ab52cc3e066c7fd6c5e18b9e2455ad2
ADDED,scripts/runtime-auth-browser-audit.mjs,0,5676,,8644fe4f1382e6f304ac4778dec0a883389e72a0b04da838399ade88f3b0fddc
MODIFIED,scripts/test-discovery-audit.mjs,3882,5167,6350571427f98f1389964cc17fc0fa494013bd60e5e83103920ee4060fa4a457,17e802e9d6b5f6e0933b1dca0202aaa269e51a27f0ba180572c7bd83de8d0f86
