path,change,original_size,updated_size,original_sha256,updated_sha256,root_cause,repair,architectural_impact,validation,risk,rollback
.github/workflows/ci.yml,MODIFIED,6007,6435,f3926472993f9aa42aa61e444a71077d55e6e66e2029410d09e1b5f0b075839b,d5aa500a77197c6cfb07f0bdc243f4c876c59970bbbee110a9d5360dacac2a35,CI lacked forensic evidence publication,Added deterministic diagnostics and evidence artifact upload,CI architecture preserved,Static/dependency-free gates where applicable; runtime external verification remains required.,LOW,Restore/revert the individual path from the baseline archive.
BASELINE_ARCHIVE_SHA256_2026-09-26.txt,ADDED,0,100,----------------------------------------------------------------,508556fc68dc12f267e550def3a274751058a69074d32b10fe9c0f71fd8288c3,Traceability/deployment artifact gap,"Added explicit evidence, wrapper or manifest artifact",No financial architecture change,Static/dependency-free gates where applicable; runtime external verification remains required.,LOW,Restore/revert the individual path from the baseline archive.
BASELINE_SHA256_2026-09-26.txt,ADDED,0,208,----------------------------------------------------------------,23742497c38fa5c80b46beb9d48fdd1fe406ecfbc3b9a34debe9377addc6bab8,Traceability/deployment artifact gap,"Added explicit evidence, wrapper or manifest artifact",No financial architecture change,Static/dependency-free gates where applicable; runtime external verification remains required.,LOW,Restore/revert the individual path from the baseline archive.
CHANGESET_FILE_INDEX_2026-09-26.csv,ADDED,0,16214,----------------------------------------------------------------,a83c7bcd13474ec0fcdf6db55bc1a16e7c599b874485504ac48bdf2ee0e211da,Traceability/deployment artifact gap,"Added explicit evidence, wrapper or manifest artifact",No financial architecture change,Static/dependency-free gates where applicable; runtime external verification remains required.,LOW,Restore/revert the individual path from the baseline archive.
CHANGESET_FILE_INDEX_2026-09-26.md,ADDED,0,1789,----------------------------------------------------------------,ce42a6a1b3aaf269c9c6f18a446ce59e212cde366aa3c97561eb98e9b627d240,Traceability/deployment artifact gap,"Added explicit evidence, wrapper or manifest artifact",No financial architecture change,Static/dependency-free gates where applicable; runtime external verification remains required.,LOW,Restore/revert the individual path from the baseline archive.
README.md,MODIFIED,34300,35703,367a84e3425a28a4b73d1ff66925c947c9002e957de36d38ebba2cebaa966966,97b20a946325bf1b8482d694f1dbeab36aaae4f8ebfe762aa477d72a38e91c20,Current status/evidence not reconciled,Added 2026-09-26 evidence/status addendum,Documentation only,Static/dependency-free gates where applicable; runtime external verification remains required.,LOW,Restore/revert the individual path from the baseline archive.
REMEDIATION_CHANGED_FILES_SHA256_2026-09-26.csv,ADDED,0,3553,----------------------------------------------------------------,1da2a37dcc1265dafdb35d40be416eb4bdba398e34544b7bd752afc70544e1cf,Traceability/deployment artifact gap,"Added explicit evidence, wrapper or manifest artifact",No financial architecture change,Static/dependency-free gates where applicable; runtime external verification remains required.,LOW,Restore/revert the individual path from the baseline archive.
REMEDIATION_FILE_CHANGE_MANIFEST_2026-09-26.csv,ADDED,0,16214,----------------------------------------------------------------,a83c7bcd13474ec0fcdf6db55bc1a16e7c599b874485504ac48bdf2ee0e211da,Traceability/deployment artifact gap,"Added explicit evidence, wrapper or manifest artifact",No financial architecture change,Static/dependency-free gates where applicable; runtime external verification remains required.,LOW,Restore/revert the individual path from the baseline archive.
REMEDIATION_VALIDATION_2026-09-26.md,ADDED,0,3116,----------------------------------------------------------------,15003a97b006cdd9fd2c6885feccbb86c75857f756a3a8b07f7bd9b602ece746,Traceability/deployment artifact gap,"Added explicit evidence, wrapper or manifest artifact",No financial architecture change,Static/dependency-free gates where applicable; runtime external verification remains required.,LOW,Restore/revert the individual path from the baseline archive.
TITECH_CURRENT_VALIDATION_2026-09-26.md,ADDED,0,3781,----------------------------------------------------------------,e10ca07f7d57741f794c14b9f2bc6e3eec22ac58e1800483c179bcff5dca4f85,Traceability/deployment artifact gap,"Added explicit evidence, wrapper or manifest artifact",No financial architecture change,Static/dependency-free gates where applicable; runtime external verification remains required.,LOW,Restore/revert the individual path from the baseline archive.
TITECH_PLATFORM_TRUTH.md,MODIFIED,16147,18674,23258a824be3bd477c92e9d88f7fd1194f6ceed053bca908f05a41420a6c72fa,98dccc095d1c4b87d8bb5d06b7ac60b48327031868f997414f9230fbb4ffe4cf,Current status/evidence not reconciled,Added 2026-09-26 evidence/status addendum,Documentation only,Static/dependency-free gates where applicable; runtime external verification remains required.,LOW,Restore/revert the individual path from the baseline archive.
TITECH_REPOSITORY_COMPLETENESS_2026-09-26.md,ADDED,0,2214,----------------------------------------------------------------,2dc4fc21bea4c4378d6be716db6901bb05b4bf2971cbf22200659d79c4248eb5,Traceability/deployment artifact gap,"Added explicit evidence, wrapper or manifest artifact",No financial architecture change,Static/dependency-free gates where applicable; runtime external verification remains required.,LOW,Restore/revert the individual path from the baseline archive.
TITECH_UPDATE_CHANGELOG_2026-09-26.md,ADDED,0,2547,----------------------------------------------------------------,a442a01915fe1f551a8d8e8b46c77c02c6ff48ebf32380be5df131c11ac16f96,Traceability/deployment artifact gap,"Added explicit evidence, wrapper or manifest artifact",No financial architecture change,Static/dependency-free gates where applicable; runtime external verification remains required.,LOW,Restore/revert the individual path from the baseline archive.
TITECH_UPDATE_FILES_SHA256_2026-09-26.txt,ADDED,0,2635,----------------------------------------------------------------,3911bb00a9f8e7a19c73bd6ad1dba5bdf1ad15ab991b96241bc68af755f08ad4,Traceability/deployment artifact gap,"Added explicit evidence, wrapper or manifest artifact",No financial architecture change,Static/dependency-free gates where applicable; runtime external verification remains required.,LOW,Restore/revert the individual path from the baseline archive.
backend/bootstrap/ApplicationBootstrap.js,MODIFIED,86039,86099,6470b4acf42b51c49c2957f554ceb251250756146513ac0595a44483ff5bac62,3f37473dcff8d8193ac2ef4ac158e7d7ed70f1e23dc9d5d452635996a939bf17,Insufficient nested bootstrap error diagnostics,Added bounded stack/path/dependency/cause evidence,Bootstrap order preserved,Static/dependency-free gates where applicable; runtime external verification remains required.,LOW,Restore/revert the individual path from the baseline archive.
backend/bootstrap/logger.js,MODIFIED,35112,35908,0b22113302a974080e0858c019d30ae6bdd52add12d219b37c99ff3707f453b2,93bf0439dac27f1c48ddbd83d55d6c07ab88982db2a83e42a2ad7a318892541a,Structured logger argument-shape defect,Normalized message/metadata and structured-object calls,Logger facade preserved,Static/dependency-free gates where applicable; runtime external verification remains required.,LOW,Restore/revert the individual path from the baseline archive.
backend/bootstrap/routes.js,MODIFIED,48918,50025,45ac14c13491ad11d064930ea4b81e2baee52567b7804a2b5ea3ff623af1b02c,f46b01527427328c89b077a195b7e3aa80b44169363a6fe7fae2c182c01dd506,Insufficient nested route import diagnostics,Added bounded nested/path/dependency/import-mechanism diagnostics,Route composition boundary preserved,Static/dependency-free gates where applicable; runtime external verification remains required.,LOW,Restore/revert the individual path from the baseline archive.
backend/package.json,MODIFIED,8344,8208,6090dd139ae5034914df4b14721c70c82a8a5e851dfafc3d496b888d6a6c6df7,8492de735ebf1a32879c80dc1dd65f3eeaad27045316b1c4ac613b0e9773396b,Missing deterministic backend diagnostics,Registered startup/module/route/completeness checks,No architecture change,Static/dependency-free gates where applicable; runtime external verification remains required.,LOW,Restore/revert the individual path from the baseline archive.
docker-compose.yml,MODIFIED,1290,1382,ad5e8b888120584dc4f208097b012fd9d03ff8a52d875aaf19a8ded5bb9ca0ba,739f481c37998d11ddb6040a1023201a17637124f6900aa6c1eb7a36e4ac5432,Obsolete health probe commands,Aligned app/Mongo checks with canonical endpoints/tools,Compose topology preserved,Static/dependency-free gates where applicable; runtime external verification remains required.,LOW,Restore/revert the individual path from the baseline archive.
docker/backend.Dockerfile,MODIFIED,0,734,e3b0c44298fc1c149afbf4c8996fb92427ae41e4649b934ca495991b7852b855,5226d1acebaf7e1776f80f14278653689174d582a00a7864b4cde6e9cb97b7a9,Targeted enterprise hardening,Minimal evidence-backed modification,Preserved,Static/dependency-free gates where applicable; runtime external verification remains required.,LOW,Restore/revert the individual path from the baseline archive.
docker/docker-compose.dev.yml,MODIFIED,0,1124,e3b0c44298fc1c149afbf4c8996fb92427ae41e4649b934ca495991b7852b855,f348f14d1f6fcf1f016f9d2add65c5883ddf1491c4a8d5e780699e91091044c5,Targeted enterprise hardening,Minimal evidence-backed modification,Preserved,Static/dependency-free gates where applicable; runtime external verification remains required.,LOW,Restore/revert the individual path from the baseline archive.
docker/docker-compose.prod.yml,MODIFIED,0,1708,e3b0c44298fc1c149afbf4c8996fb92427ae41e4649b934ca495991b7852b855,83ea18d03d2956c4587bfadd9512b0ca903b8ee1c318a86452a1520fd0aa2180,Targeted enterprise hardening,Minimal evidence-backed modification,Preserved,Static/dependency-free gates where applicable; runtime external verification remains required.,LOW,Restore/revert the individual path from the baseline archive.
docker/frontend.Dockerfile,MODIFIED,0,640,e3b0c44298fc1c149afbf4c8996fb92427ae41e4649b934ca495991b7852b855,dc26aef8ab518050e28a82753070432ef66ce9cdba10a457360d57c3948b80b1,Targeted enterprise hardening,Minimal evidence-backed modification,Preserved,Static/dependency-free gates where applicable; runtime external verification remains required.,LOW,Restore/revert the individual path from the baseline archive.
docs/PRODUCTION_EVIDENCE_RUNBOOK_2026-09-26.md,ADDED,0,2418,----------------------------------------------------------------,aac57228d9b0055adecd2cca6863d09ff21743224b7d34221fb1b5aee6560fe7,Production-evidence gap,Added executable evidence runbook,Documentation/control-plane only,Static/dependency-free gates where applicable; runtime external verification remains required.,LOW,Restore/revert the individual path from the baseline archive.
infrastructure/kubernetes/api-deployment.yaml,DELETED,0,0,e3b0c44298fc1c149afbf4c8996fb92427ae41e4649b934ca495991b7852b855,----------------------------------------------------------------,Obsolete zero-byte Kubernetes placeholder,Removed after repository documentation confirmed Helm is authoritative,Canonical Helm deployment structure preserved,Verified zero-byte placeholder and checked repository Kubernetes README for Helm authority.,LOW,Restore/revert the individual path from the baseline archive.
infrastructure/kubernetes/ingress.yaml,DELETED,0,0,e3b0c44298fc1c149afbf4c8996fb92427ae41e4649b934ca495991b7852b855,----------------------------------------------------------------,Obsolete zero-byte Kubernetes placeholder,Removed after repository documentation confirmed Helm is authoritative,Canonical Helm deployment structure preserved,Verified zero-byte placeholder and checked repository Kubernetes README for Helm authority.,LOW,Restore/revert the individual path from the baseline archive.
infrastructure/kubernetes/mongo-deployment.yaml,DELETED,0,0,e3b0c44298fc1c149afbf4c8996fb92427ae41e4649b934ca495991b7852b855,----------------------------------------------------------------,Obsolete zero-byte Kubernetes placeholder,Removed after repository documentation confirmed Helm is authoritative,Canonical Helm deployment structure preserved,Verified zero-byte placeholder and checked repository Kubernetes README for Helm authority.,LOW,Restore/revert the individual path from the baseline archive.
infrastructure/kubernetes/redis-deployment.yaml,DELETED,0,0,e3b0c44298fc1c149afbf4c8996fb92427ae41e4649b934ca495991b7852b855,----------------------------------------------------------------,Obsolete zero-byte Kubernetes placeholder,Removed after repository documentation confirmed Helm is authoritative,Canonical Helm deployment structure preserved,Verified zero-byte placeholder and checked repository Kubernetes README for Helm authority.,LOW,Restore/revert the individual path from the baseline archive.
infrastructure/kubernetes/web-deployment.yaml,DELETED,0,0,e3b0c44298fc1c149afbf4c8996fb92427ae41e4649b934ca495991b7852b855,----------------------------------------------------------------,Obsolete zero-byte Kubernetes placeholder,Removed after repository documentation confirmed Helm is authoritative,Canonical Helm deployment structure preserved,Verified zero-byte placeholder and checked repository Kubernetes README for Helm authority.,LOW,Restore/revert the individual path from the baseline archive.
package.json,MODIFIED,6223,6890,3917b51863a7685b06b05e0b1a6c9b0f28beb76c5c244117d783dcbf26a00c95,4cd3f8dabdf6517d09cb904c40318e2e51e6d996e9889df95a96ac56f6f34a13,Incorrect clean script target and missing diagnostics,Corrected clean target and added enterprise diagnostics,No architecture change,Static/dependency-free gates where applicable; runtime external verification remains required.,LOW,Restore/revert the individual path from the baseline archive.
reports/module-forensics.json,ADDED,0,6201,----------------------------------------------------------------,b20ee41eacf6787d0977c06d590e63b6220ec70043934101fd06a50e2cab2855,Evidence artifact,Generated machine-readable validation report,No runtime architecture change,Static/dependency-free gates where applicable; runtime external verification remains required.,LOW,Restore/revert the individual path from the baseline archive.
reports/release-readiness.json,ADDED,0,2065,----------------------------------------------------------------,a70a8a8fcea213aeedb618e73df9f908597064bd0df5542699de36a860f71e53,Evidence artifact,Generated machine-readable validation report,No runtime architecture change,Static/dependency-free gates where applicable; runtime external verification remains required.,LOW,Restore/revert the individual path from the baseline archive.
reports/repository-completeness.json,ADDED,0,152013,----------------------------------------------------------------,1fba4c7c65d88e00f792953b72bd0e27bbb06407a4c6da2a5697096e891b09cb,Evidence artifact,Generated machine-readable validation report,No runtime architecture change,Static/dependency-free gates where applicable; runtime external verification remains required.,LOW,Restore/revert the individual path from the baseline archive.
reports/repository-sha256.json,ADDED,0,319805,----------------------------------------------------------------,c728f618f6994ba01a324db8166575773fc2568257f6b081ca7197220036dc85,Evidence artifact,Generated machine-readable validation report,No runtime architecture change,Static/dependency-free gates where applicable; runtime external verification remains required.,LOW,Restore/revert the individual path from the baseline archive.
reports/route-import-matrix.json,ADDED,0,41720,----------------------------------------------------------------,a141be4c02011e65126e8a58b9964783592948b88bcae8db324d2916a9a0508e,Evidence artifact,Generated machine-readable validation report,No runtime architecture change,Static/dependency-free gates where applicable; runtime external verification remains required.,LOW,Restore/revert the individual path from the baseline archive.
reports/runtime-import-audit.json,ADDED,0,51876,----------------------------------------------------------------,0926c52e8d09b2fcfc3cc8d6a091cce4e9293038ced7dadfabdef429e61c1068,Evidence artifact,Generated machine-readable validation report,No runtime architecture change,Static/dependency-free gates where applicable; runtime external verification remains required.,LOW,Restore/revert the individual path from the baseline archive.
reports/startup-contract.json,ADDED,0,403,----------------------------------------------------------------,f3b1ed13da33086fa748db24c560281bb3d858e139e4a4df9246f1858492271f,Evidence artifact,Generated machine-readable validation report,No runtime architecture change,Static/dependency-free gates where applicable; runtime external verification remains required.,LOW,Restore/revert the individual path from the baseline archive.
scripts/module-forensics.mjs,ADDED,0,2080,----------------------------------------------------------------,504314480a08f28b071b87d8c2ee4e8c9c941c8a25a89239bb21e3a0548262f5,Diagnostic/forensic gap,Added deterministic repository/startup/module/route audit,Additive tooling; architecture preserved,Static/dependency-free gates where applicable; runtime external verification remains required.,LOW,Restore/revert the individual path from the baseline archive.
scripts/repository-completeness-audit.mjs,ADDED,0,3188,----------------------------------------------------------------,d68403dc28cae37f9151c160dea27d81aab8d48f4c6e437f97991dbc4fb59cca,Diagnostic/forensic gap,Added deterministic repository/startup/module/route audit,Additive tooling; architecture preserved,Static/dependency-free gates where applicable; runtime external verification remains required.,LOW,Restore/revert the individual path from the baseline archive.
scripts/route-forensics.mjs,ADDED,0,6012,----------------------------------------------------------------,404f44c8415246ef8d69c7d8c1fade9a18b8c3c2e4a51d10683c46f1f11ac6ba,Diagnostic/forensic gap,Added deterministic repository/startup/module/route audit,Additive tooling; architecture preserved,Static/dependency-free gates where applicable; runtime external verification remains required.,LOW,Restore/revert the individual path from the baseline archive.
scripts/startup-contract.mjs,ADDED,0,1385,----------------------------------------------------------------,0db2d8f5bb32d87bd23b75d4f06eccc23f2c9aaf66ac92fe9d25aa3fc43946a0,Diagnostic/forensic gap,Added deterministic repository/startup/module/route audit,Additive tooling; architecture preserved,Static/dependency-free gates where applicable; runtime external verification remains required.,LOW,Restore/revert the individual path from the baseline archive.
