index,status,path,size_before,size_after,sha256_before,sha256_after
0,MODIFIED,.github/workflows/ci.yml,6095,6175,5d3165c5968da9941614448865f0354d8e7d2955b888a33a5248a6c37aec542a,32d62a9547bbaf52c3b42fa937da620cb494fbc92e2071c21c93398f5bacde43
1,MODIFIED,.github/workflows/deploy.yml,67728,67823,b67ca334d7d7855e08a930ae3771c733414b593e770998aaaac96814241fcdfa,38126edacb812e6fcad6975d4162c094219ae0eb66197144032d91b4023a435e
2,MODIFIED,README.md,36034,36562,a23ad1a47d4ed269f3f183b1c7eded2a5667705b09f5520d590d63c678a1edaf,457a87a8364464c860b441eda89810f028e211c9425c4797e0fa7a7af0b0df59
3,ADDED,TITECH_IMPLEMENTATION_CHANGE_DISCOVERY_2026-09-29.md,,5397,,bf4679e42a835a78a5b853e3a14bb47c8eb0972a246268c8c7bb9ff9957ca3e7
4,ADDED,backend/.dockerignore,,106,,a0e2ad705da1e2444bf9f58985b5fac4ce3885d084e0e94f6410ef14cfca7d7c
5,MODIFIED,backend/.env.example,1267,1314,8fe3760cde257b6f46e5285990800f1a40a8b2429a4ef755fb99b97588ce7762,0c32db8ef9370ad2143e2bd5933a9a5043f73db387c51d6f555893a806eb4dfc
6,ADDED,backend/.env.production.example,,920,,0823f8fce73eb9cc3505c134bca461932882f60547ba9b7d8fb0fdc0ae0ca9ca
7,ADDED,docker/.dockerignore,,138,,ec52f49ba5c355a0bb7cb6df919cbc75ac449b4935632162393e86f40dc852e6
8,MODIFIED,docker/backend.Dockerfile,0,1007,e3b0c44298fc1c149afbf4c8996fb92427ae41e4649b934ca495991b7852b855,68c35d36047f5f514c730d549cdb4ac5cc00744cc3f77eca20849b7c8497e364
9,MODIFIED,docker/docker-compose.dev.yml,0,1856,e3b0c44298fc1c149afbf4c8996fb92427ae41e4649b934ca495991b7852b855,71c6a538c66d2d6252ca79af6d680f02500a6d51b1354c6a871d174d4d256360
10,MODIFIED,docker/docker-compose.prod.yml,0,2399,e3b0c44298fc1c149afbf4c8996fb92427ae41e4649b934ca495991b7852b855,5b213f745f31e71858b719849d87217cb32334e48216550b6d613217542e4d21
11,MODIFIED,docker/frontend.Dockerfile,0,1107,e3b0c44298fc1c149afbf4c8996fb92427ae41e4649b934ca495991b7852b855,2d1c38f8b1b9707e9796e0af7eefe27a3e892f8329bf9eb14924f598b46ae416
12,ADDED,docs/brand/TITECH_OFFICIAL_THEME_2026-09-29.md,,1476,,2a5dd516c108e260d59b1a4660ce3f02ba6eb26d4c88a65ae9b0a1f1c0c4d493
13,ADDED,docs/deployment/PRODUCTION_DEPLOYMENT_CHECKLIST_2026-09-29.md,,1818,,726e08fbba9b9a31b61caf3376a13fe9394f8c4112ba420d80e711165a4031ff
14,ADDED,docs/deployment/TITECH_ENTERPRISE_IMPLEMENTATION_2026-09-29.md,,4295,,361028d84014fa0bfc285421808a60e76652ac38c34950507bd99c8001cec8eb
15,ADDED,docs/deployment/TITECH_WEB_MOBILE_HOSTING_IMPLEMENTATION_2026-09-29.md,,4229,,46819550f4fc766a6b88ea14538f206c68573f7718d28a85d342b153236ba83a
16,ADDED,frontend/.dockerignore,,109,,792dc81ed3106fb095b5f71853c4f7d29180f9685a0538b512305de35670d7e4
17,ADDED,frontend/.env.production.example,,341,,0a98fb2c05ce40412d3a2adfe56806a1b7413e894043c9e529e9f605215c77c8
18,MODIFIED,frontend/nginx.conf,791,1701,cfcb8eeec488bff52eb0bc9936a1c1b79713771b9b2cb9ebe36b566a3dbe06ed,65196137139ff785feb67b8f604bc8ba7b7fcc84948633bdb0fa1a710f8c47a9
19,MODIFIED,frontend/src/branding/brand.css,5843,6564,9f765c64d18a85f729ea5aa2121022693a407a00cd618777894c695ae827373a,ea3727eb153bdd6b04545669f411ee8eeaf8d35bbc03373e3a58b7a7530a4c9a
20,MODIFIED,frontend/src/charts/AreaChartCard.jsx,7951,8165,31eb736cafc4963e14e3eea636bedc8c2de2f7b908f1317f42c57f9961d8b047,713ee5883a1cb08b64ff13f011b538bd1563c648a414715a47db293a3d337950
21,MODIFIED,frontend/src/charts/BarChartCard.jsx,8594,8808,1acdd82525564a0b00c7f826ecbd371a70992155b69443bac6b5708179d26ed9,f396ca4c94d2c45207daac71ca62a419b093d2fcf066276a6e9de480d0fc535d
22,MODIFIED,frontend/src/charts/LineChartCard.jsx,7664,7878,2915041f28dd931412a6022b53722177f99c779ce48c4bc6c12592a171263ee2,ae869af1f80deff325320109a5084774a03b3195349f0cbd97dcce2b958d1d5f
23,MODIFIED,frontend/src/charts/PieChartCard.jsx,8328,8529,79fba87af64312853669746bb00674af0b037ca7a305437fee1f924efd773da5,cec37c1e9202761091f0326f4d86f5cc698f243d667ec47b5e74ec734058351b
24,MODIFIED,frontend/src/index.js,13730,13775,c52efb2844a13e98090bf785ab748fd0b6072b27669f028d4167f1f72e185a42,aca3e90e6d6ab8953122d3e60343ef21b87ae84c52b0619fb2e106c55ffd403d
25,MODIFIED,frontend/src/legal/legalApi.js,29085,29130,74142d86ed9421ec829a6329d42abc9d5b999210c68f4cccbc7fb1f9084ed320,f712d7ec594128df2de74cd769d7336ce158d4813a89f16df88abbfe0945939d
26,MODIFIED,frontend/src/main.jsx,20500,20924,adab6f5c5c96ef32aed2fae71ef6489b94b14c9614a500f4fab0cb9419f16978,103961cdb33db37f78de00527e193331fef4b50b7a111b7f107a4158502e73a8
27,MODIFIED,frontend/src/pages/Reports.jsx,49343,49553,284c4eac4bee61ff8e1af773eff96014b17d08092543dad01be35e45310b175c,e360c417889258ab3d2dbe56a913be188843b9d8e530849ef130c6f3974b5179
28,MODIFIED,frontend/src/pages/dashboard/AdminDashboard.jsx,31755,31852,8de11aa829ad47a2597e51a2c5d2c7cd7b11fe7e749e6873f4199f95a3c0d155,5a448a281bef968a85f0280e7bce527cfc8036209ad4d3271944fec19378c0ab
29,MODIFIED,frontend/src/pages/dashboard/ExecutiveDashboard.jsx,23701,23857,c75e43b4f0eb3affcffb6552c6efa1f494ade6e66095c9cde68999758701ec1b,e16ca343047f21aa24e72a8dfea2a741ffadfa153b0948ef104c789e467e0dc6
30,MODIFIED,frontend/src/services/api.js,44126,44171,ebfb06c299e4a3398221f83806b66d0aa9896d4b4b65e288539935d3cc83f074,f40e79bc252ce24c9c2e20dbe935e7cb4393f21f17145eb156e96172e7d571ee
31,MODIFIED,frontend/src/services/socket.js,9796,9809,c9244c4313e79f85a282747f7a45960c9f7898b79ffbfcbd0c3e36353cb7bfa7,64f2af00f1fa4e32292d7d35e5942ab4b923015b347ac7ee79468971e0391341
32,MODIFIED,infrastructure/kubernetes/README.md,634,1748,4d204eccc332a63148037867e068f45245508058af0e970e75cfb744c96556bf,11d9b96a0efa6d851330a262332ecfb86e00794a510ba47f25e1aae563cd6ff1
33,MODIFIED,infrastructure/kubernetes/api-deployment.yaml,0,2177,e3b0c44298fc1c149afbf4c8996fb92427ae41e4649b934ca495991b7852b855,6f446a308327af23b047ddd87b077e72d07045ff746406d0de7f1be9928a7942
34,MODIFIED,infrastructure/kubernetes/charts/backend/values.yaml,708,715,89b43564bf79550ce3e3158267431770b45f3b923b5ea52e21935e950b458287,e863ba830d72e20cb196ba4f4004af04b3a3e561b975a7cb8fb046a6ceea7c3e
35,MODIFIED,infrastructure/kubernetes/charts/frontend/values.yaml,589,596,6702913ae15d5af5eb28841b005eeddc8fa40bcaa6f0b873da9c553e8ca3c3f7,06b9e3fe30222966963bcecb80c70f4afd0b2a0a30e102a4760fbe21c6a8200c
36,MODIFIED,infrastructure/kubernetes/ingress.yaml,0,1647,e3b0c44298fc1c149afbf4c8996fb92427ae41e4649b934ca495991b7852b855,c6707eda5e7d6a40ccdd26a01d1cf580965698211a76601ba39aaaa5a47e20e8
37,MODIFIED,infrastructure/kubernetes/mongo-deployment.yaml,0,1706,e3b0c44298fc1c149afbf4c8996fb92427ae41e4649b934ca495991b7852b855,dc3d396b617a97142fb8daec553ca2d99a05ecf37fd5ee7ba2e73add050737fc
38,ADDED,infrastructure/kubernetes/namespace.yaml,,144,,701840887663eb7f2d96ee145f7c17de1891854901df50f17b83698b87d5ef88
39,MODIFIED,infrastructure/kubernetes/redis-deployment.yaml,0,1572,e3b0c44298fc1c149afbf4c8996fb92427ae41e4649b934ca495991b7852b855,0baa1f50fe592952633f25a5d0fad79bc87b429755dbf5d11f8dff3eef878989
40,MODIFIED,infrastructure/kubernetes/web-deployment.yaml,0,1903,e3b0c44298fc1c149afbf4c8996fb92427ae41e4649b934ca495991b7852b855,d5636e6ba8dec66ed214c04700f6f9908a33a59e904b9221ab3a623e7196d010
41,ADDED,nginx/production.conf.template,,4028,,2e3e2ed9fdb309e858e8894c4f6ecd05bcea12c4a219a27f8d4d37b5738a6d35
42,MODIFIED,package.json,6131,6226,e98ae146bf189974db9ef97517f684bf3e809f3af40e84aa6f7a840294fd3af6,b06af4d87e936f2e868cc33b7b925ae6caeff78d7f4fff8e03340f8f4f72f910
43,ADDED,reports/runtime-import-audit.json,,51876,,e3a6342d49a5be2c2a038613b364870e52c41167768f8a11b595dc20e329ae52
44,ADDED,reports/titech-90-day-readiness.json,,1911,,253a3807be502269727e517c2db208088a5073180b7a2e23e283606fd9dcc7da
45,ADDED,reports/titech-hosting-gate.json,,903,,f7856239905c6a7d6978b24552f3aea5a846ee9f29be132ee654e79b1cd73031
46,ADDED,scripts/titech-hosting-gate.mjs,,4157,,8524dabb4d6f3d7e33f8c37bff6d09ec76cb2f09c96c49f43a9fdf17553b5aed
